line,circuits,length,sub1,sub2
ADD_ISLA,ADD_ISL2.1,8.5,ISL0661,ADD0661
ADD_ISLA,ADD_ISL1.2,2.9,MLN0661,ADD0661
ADD_ISLA,ADD_ISL1.1,5.6,ISL0661,MLN0661
ADD_ISLB,ADD_ISL3.1,8.5,ISL0661,ADD0661
ADD_ISLB,ADD_ISL4.1,5.6,ISL0661,MLN0664
ADD_ISLB,ADD_ISL4.2,2.9,MLN0664,ADD0661
AHA_DOBA,DOB_GYM.1,8.9,DOB0661,GYM0661
AHA_OTIA,HKK_KUM1.1,12.7,HKK0661,KUM0661
AHA_OTIA,HKK_OTI2.1,63.4,HKK0661,OTI0661
AHA_OTIA,KUM_OTI.1,63.4,KUM0661,OTI0661
ALB_HENA,ALB_HEN1.1,16.7,ALB1101,HEN1101
ALB_HENA,ALB_HEN2.1,16.7,,
ALB_HENAC,ALB_HEN1.1,16.7,,
ALB_HENAC,ALB_HEN2.1,16.7,ALB1101,HEN1101
ALB_HPIA,ALB_HPI1.1,14.31,HPI2202,ALB2001
ALB_HPIA,ALB_HEN3.1,14.32,ALB2201,HEN2201
ALB_SVLA,ALB_SVL1.1,11.52,ALB2201,SVL2201
ALB_SVLA,ALB_SVL2.1,11.52,ALB2201,SVL2202
ARA_WRKA,ARA_WRK.1,4.3,ARA2201,WRK2201
ARI_EDGA,ARI_KIN1.1,16,ARI1101,KIN1101
ARI_EDGA,KIN_TRK1.2,32.1,LFD1102,TRK1102
ARI_EDGA,OKE_OWH.1,2.3,OKE1101,OWH1101
ARI_EDGA,EDG_OWH.1,30.04,OWH1101,EDG1101
ARI_EDGB,ARI_KIN2.1,14.4,ARI1101,KIN1101
ARI_EDGB,KIN_TRK2.2,34.8,LFD1101,TRK1101
ARI_EDGB,OKE_TRK.1,16.1,TRK1101,OKE1101
ARI_EDGB,OKE_OWH.1,0.5,OKE1101,OWH1101
ARI_EDGB,EDG_OWH.1,13.3,OWH1101,EDG1101
ARI_HAMA,ARI_BOB1.1,47,BOB1101,ARI1101
ARI_HAMB,ARI_HAM1.1,46.9,HAM1101,ARI1101
ARI_HAMB,ARI_HAM2.1,46.9,HAM1101,ARI1101
ARI_PAKA,ARI_PAK.1,148.7,PAK1101,ARI1101
ASH_TIMA,TIM_TMK1.1,17.7,TMK1101,TIM1101
ASH_TIMB,TIM_TMK2.1,17.7,TMK1102,TIM1101
ASY_DEVA,ASY_WPR.1,3.5,WPR0661,ASY0661
ASY_DEVA,ASY_SBK.1,3.4,ASY0661,SBK0661
ATI_TRKA,ATI_TRK1.1,44.6,ATI2201,TRK2201
ATI_TRKA,ATI_TRK2.1,44.6,ATI2201,TRK2201
AVI_BENA,AVI_BEN1.1,18.47,BEN2202,AVI2201
AVI_BENA,AVI_BEN2.1,18.47,BEN2202,AVI2201
AVI_LIVA,LIV_WTK.1,33.9,WTK2201,LIV2201
AVI_LIVA,AVI_WTK.1,8.9,AVI2201,WTK2201
BAL_DEVA,BAL_GOR.1,13,BAL1101,GOR1101
BAL_DEVA,BAL_HWB.1,13,BWK1101,BAL1101
BDE_DEVA,BDE_EDN.1,2.8,BDE1101,EDN1101
BDE_DEVA,BDE_GOR.1,2.8,GOR1102,BDE1101
BEN_ISLA,BEN_TWZ.1,39,TWZ2201,BEN2202
BEN_ISLA,TKB_TWZ.1,15.4,TKB2201,TWZ2201
BEN_ISLA,ISL_TKB.1,211.2,ISL2201,TKB2201
BEN_TWZA,BEN_OHB.1,33.9,OHB2201,BEN2202
BEN_TWZA,BEN_OHC.1,26.7,OHC2201,BEN2202
BEN_TWZA,OHB_TWZ.1,4,TWZ2201,OHB2201
BEN_TWZA,OHC_TWZ.1,11.8,TWZ2201,OHC2201
BKD_HORA,COL_HOR2.1,32.9,COL0661,HOR0661
BKD_HORA,COL_HOR3.1,32.9,COL0661,HOR0661
BLN_KIKA,BLN_KIK.1,67.4,BLN1101,ARG1101
BLN_KIKA,BLN_KIK.2,40.2,ARG1101,KIK1101
BLN_STKA,BLN_STK1.1,76.4,STK1101,BLN1101
BLN_STKA,BLN_STK2.1,76.4,STK1101,BLN1101
BOB_MERA,ARI_BOB1.1,15.7,BOB1101,ARI1101
BOB_OTAA,BOB_OTA1.1,25.1,WIR1101,BOB1101
BOB_OTAA,BOB_OTA2.1,25.1,WIR1102,BOB1101
BOB_OTAA,BOB_OTA1.2,4.4,OTA100K,WIR1101
BOB_OTAA,BOB_OTA2.2,4.3,OTA100L,WIR1102
BPE_HAYA,BPE_HAY1.1,118.8,BPE2201,HAY2201
BPE_HAYB,BPE_HAY2.1,118.8,BPE2201,HAY2201
BPE_ONGA,BPE_MTR1.1,70.7,MTR1101,BPE1101
BPE_ONGA,MTR_OKN1.1,39.3,OKN1101,MTR1101
BPE_ONGA,OKN_ONG1.1,28.3,RTR1101,OKN1101
BPE_ONGA,OKN_ONG1.2,49.3,ONG1101,RTR1101
BPE_WDVB,BPE_WDV1.1,24.8,WDV1101,BPE1101
BPE_WDVB,BPE_WDV2.1,24.8,WDV1101,BPE1101
BPE_WGNB,BPE_WGN1.1,33.7,MTN1101,BPE1101
BPE_WGNB,BPE_WGN1.2,27.9,WGN1101,MTN1101
BPE_WGNB,BPE_WGN2.1,33.7,MTN1102,BPE1101
BPE_WGNB,BPE_WGN2.2,27.9,WGN1101,MTN1102
BPE_WILA,BPE_TWC_LTN1.1,11.2,BPE2201,TWT2201
BPE_WILA,BPE_TWC_LTN1.2,9.1,TWT2201,LTN2201
BPE_WILA,BPE_WIL1.1,20.3,BPE2201,LTN2202
BPE_WILA,BPE_WIL1.2,130.1,LTN2202,WIL2201
BPE_WILA,HAY_LTN1.1,102.14,LTN2201,HAY2201
BPE_WILA,HAY_WIL1.1,27.95,WIL2201,HAY2201
BPE_WKMA1,BPE_TKU1.1,168.1,TKU2201,BPE2201
BPE_WKMA1,TKU_WKM1.1,67.9,WKM2201,TKU2201
BPE_WKMB,BPE_TKU2.1,165.1,TKU2201,BPE2201
BPE_WKMB,TKU_WKM2.1,67.9,WKM2201,TKU2201
BPT_TEEA,OAM_BPT_WTK1.3,3.53,BPC1101,BPT1101
BRB_DEVA,BRB_MDN.1,3.4,MDN2201,BRB2201
BRB_DEVA,BRB_HPI1.1,3.4,HPI2201,BRB2201
BRK_BPEA,BPE_BRK1.1,71.3,BRK2201,BPE2201
BRK_BPEA,BPE_BRK2.1,71.3,BRK2201,BPE2201
BRK_SFDA,BRK_SFD1.1,95.8,SFD2201,BRK2201
BRK_SFDA,BRK_SFD2.1,95.8,SFD2201,BRK2201
BRK_SFDB,BRK_SFD3.1,96.6,SFD2201,BRK2201
BRY_ISLA,ASB_ISL1.1,7.6,ISL2201,ASB2201
BRY_ISLA,ASB_BRY.1,20.5,BRY2201,ASB2201
BRY_ISLA,BRY_ISL.1,28.1,ISL2201,BRY2201
BWR_IGHA,ATU_IGH1.1,28.7,RFN1101,IGH1101
BWR_IGHA,ATU_IGH1.2,25.2,ATU1101,RFN1101
CHH_TWZA,ASB_TIM_TWZ1.3,74.95,OPI2202,TWZ2201
CHH_TWZA,ASB_TIM_TWZ2.3,74.95,OPI2201,TWZ2201
CHH_TWZA,ASB_TIM_TWZ1.1,69.2,ASB2201,OPI2202
CHH_TWZA,ASB_TIM_TWZ2.1,69.2,ASB2201,OPI2201
CHH_TWZA,ASB_ISL1.1,72.2,ISL2201,ASB2201
CHH_TWZA,ASB_BRY.1,72.2,BRY2201,ASB2201
CML_FKNA,CML_FKN1.1,40.2,FKN1101,CML1101
CML_FKNA,CML_FKN2.1,40.2,FKN1102,CML1102
COB_UTKA,COB_UTK1.1,10.4,COB0661,UTK0661
COB_UTKB,COB_STK2.2,11.1,COB0661,MOT0662
COL_BKDD,COL_HOR2.1,14,COL0661,HOR0661
COL_BKDD,COL_HOR3.1,14,COL0661,HOR0661
COL_OTIA,COL_OTI1.1,28.1,CLH0661,COL0661
COL_OTIA,COL_OTI1.2,41.3,APS0661,CLH0661
COL_OTIA,COL_OTI1.3,14.1,OTI0661,APS0661
COL_OTIA,COL_OTI2.1,83.5,OTI0661,COL0661
CPK_WILA,CPK_WIL1.1,5.4,CPK1103,WIL1101
CPK_WILB,CPK_WWD_WIL2.1,5.8,MHT1102,WIL1101
CPK_WILB,CPK_WWD_WIL2.2,6.7,CPK1101,MHT1102
CST_HUIA,CST_HUI1.1,15.1,CST1101,HUI1101
CST_HUIA,CST_HUI2.1,15.1,CST1101,HUI1101
CST_NPLA,CST_NPL1.1,10.7,NPL1101,CST1101
CST_NPLA,CST_NPL2.1,10.7,NPL1101,CST1101
CST_SFDA,CST_SFD1.1,36,CST1101,SFD1101
CST_SFDA,MNI_SFD1.1,28.14,MNI1101,SFD1101
CST_SFDA,CST_MNI1.1,8.94,CST1101,MNI1101
CUL_KKAA,CUL_KKA.1,82.9,KKA0661,CUL0661
CYD_ROXA,CYD_ROX1.1,34.1,CYD2201,ROX2201
CYD_ROXA,CYD_ROX2.1,34.1,CYD2201,ROX2201
CYD_TWZA,CYD_TWZ1.1,20.7,CML2201,CYD2201
CYD_TWZA,CYD_TWZ2.1,20.7,CML2202,CYD2201
CYD_TWZA,CYD_TWZ1.2,117.4,TWZ2201,CML2201
CYD_TWZA,CYD_TWZ2.2,117.4,TWZ2201,CML2202
DAR_MPEA,DAR_MPE1.1,38.8,MPE0501,DAR0501
DAR_MPEB,DAR_MPE2.1,38.6,MPE0501,DAR0501
DOB_BWRA,ATU_DOB1.1,29.2,DOB1101,ATU1101
DOB_BWRA,DOB_GYM.1,0.3,DOB0661,GYM0661
DOB_BWRA,ATU_RFN_IGH1.1,16.1,ATU1101,RFN1101
EDG_KAWA,EDG_KAW1.1,13.9,EDG1101,KAW1101
EDG_KAWB,EDG_KAW2.1,14.1,EDG1102,KAW1101
EDG_TRKA,EDG_TRK1.1,66,TRK2201,EDG2201
EDG_TRKA,EDG_TRK2.1,66,TRK2201,EDG2201
EDG_WAIB,EDG_WAI2.1,34.7,WAI1101,EDG1102
FHL_DEVA,FHL_TUI1.1,111.4,TUI1101,FHL1101
FHL_RDFA,FHL_RDF1.1,7.7,RDF1102,FML1101
FHL_RDFB,FHL_RDF2.1,7.7,RDF1101,FML1101
FHL_WDVA,FHL_WPW1.1,41.3,FHL1101,WPW1101
FHL_WDVA,DVK_WPW1.2,47.3,WPW1101,DVK1101
FHL_WDVA,DVK_WDV1.1,20.7,DVK1101,WDV1101
FHL_WDVB,FHL_WPW2.1,41.5,FHL1101,WPW1102
FHL_WDVB,DVK_WPW2.2,47.9,WPW1102,DVK1102
FHL_WDVB,DVK_WDV2.1,21.6,DVK1102,WDV1101
GFD_HAYA,GFD_HAY1.1,15.4,GFD1101,HAY1101
GFD_HAYA,GFD_HAY2.1,15.4,GFD1102,HAY1101
GIS_TUIA,GIS_TUI1.1,82.6,GIS1101,TUI1101
GIS_TUIA,GIS_TUI2.1,82.8,GIS1101,TUI1101
GLN_DEVA,GLN_HLY.1,22.6,GLN2201,HLY2201
GLN_DEVA,GLN_OTA.1,22.6,TAK2202,GLN2201
GNY_OAMA,OAM_STU_WTK2.4,13,GNY1101,BPD1101
GNY_OAMA,OAM_STU_WTK2.1,26.7,GNY1101,OAM1101
GNY_OAMB,OAM_BPT_WTK1.1,52,OAM1102,BPC1101
GNY_TIMA,OAM_STU_WTK2.3,22,STU1101,GNY1101
GNY_TIMA,STU_TIM.1,48.5,TIM1101,STU1101
GNY_WTKA,OAM_STU_WTK2.2,48.6,BPD1101,WTK1101
GNY_WTKA,OAM_BPT_WTK1.2,35.6,BPC1101,WTK1102
GNY_WTKA,OAM_BPT_WTK1.1,25.4,OAM1102,BPC1101
GNY_WTKA,OAM_STU_WTK2.4,12.4,GNY1101,BPD1101
GOR_HWBA,BAL_GOR.1,67.1,BAL1101,GOR1101
GOR_HWBA,BAL_HWB.1,39.5,BWK1101,BAL1101
GOR_HWBA,BAL_HWB.2,35.5,HWB1101,BWK1101
GOR_INVA,EDN_INV.1,31.1,INV1101,EDN1101
GOR_INVA,BDE_EDN.1,10.983,BDE1101,EDN1101
GOR_INVA,BDE_GOR.1,13.928,GOR1102,BDE1101
GOR_ROXA,GOR_ROX.1,84.2,ROX1101,GOR1101
HAI_MTMA,KMO_MTM1.1,8.8,MTM1101,KMO1103
HAI_MTMB,KMO_MTM_TGA2.3,9.9,MTM1101,PIE1101
HAI_TGAA,KMO_MTM_TGA2.1,1.5,PIE1101,KMO1101
HAI_TGAA,KMO_MTM_TGA2.2,2,TGA1101,PIE1101
HAI_TGAA,KMO_TGA1.1,3.7,TGA1101,KMO1102
HAI_TMIA,KMO_TMI1.1,17.8,KMO1101,TMI1101
HAI_TRKA,KMO_TRK1.1,39.2,KMO1102,TRK1102
HAI_TRKA,KMO_TRK2.1,39,KMO1103,TRK1101
HAM_DEVA,HAM_OHW1.1,5.6,HAM2201,OHW2201
HAM_DEVA,HAM_WKM.1,5.4,HAM2201,WKM2201
HAM_MERA,ARI_BOB1.1,39.6,BOB1101,ARI1101
HAM_MERB,BOB_HAM1.1,77.2,BOB1101,HAM1101
HAM_MERB,BOB_HAM2.1,77.2,BOB1101,HAM1101
HAM_WHUA,HAM_WHU1.1,43.4,HAM1101,WHU1101
HAM_WHUA,HAM_WHU2.1,43.4,HAM1101,WHU1101
HAY_JFDA,HAY_LTN1.1,5.76,LTN2201,HAY2201
HAY_JFDA,HAY_WIL1.1,5.45,WIL2201,HAY2201
HAY_MLGA,HAY_MLG1.1,9.89,HAY1101,MLG1102
HAY_MLGA,HAY_MLG2.1,9.44,HAY1101,MLG1101
HAY_UHTA,HAY_UHT1.1,11.5,UHT1101,HAY1101
HAY_UHTA,HAY_UHT2.1,11.5,UHT1101,HAY1101
HEN_HEPA,HEN_HEP3.1,6.6,HEN1101,HEP1101
HEN_HEPA,HEN_HEP4.1,6.6,HEN1101,HEP1101
HEN_MDNA,HPI_MDN1.1,106.54,MDN2201,HPI2202
HEN_MDNA,HEN_HPI1.1,11.95,HPI2201,HEN2201
HEN_MDNA,BRB_MDN.1,0.3,MDN2201,BRB2201
HEN_MDNA,BRB_HPI1.1,105.14,HPI2201,BRB2201
HEN_MDNA,ALB_HEN3.1,11.96,ALB2201,HEN2201
HEN_MPEA,HEN_MPE1.1,69.2,WEL1101,HEN1101
HEN_MPEA,HEN_MPE1.2,28.3,MTO1101,WEL1101
HEN_MPEA,HEN_MPE1.3,38.8,MPE1101,MTO1101
HEN_MPEA,HEN_MPE2.1,69.2,WEL1102,HEN1101
HEN_MPEA,HEN_MPE2.2,28.3,MTO1102,WEL1102
HEN_MPEA,HEN_MPE2.3,38.8,MPE1101,MTO1102
HEN_OTAA,HEN_OTA.1,31.2,HEN2201,OTA2201
HEN_OTAA,HEN_SWN.1,25.4,HEN2201,SWN2201
HEN_OTAA,OTA_SWN.1,5.8,SWN2201,OTA2201
HEN_ROSA,HEN_HEP1.1,6.7,HEN1101,HEP1101
HEN_ROSA,HEN_HEP2.1,6.7,HEN1101,HEP1101
HEN_ROSA,HEP_ROS1.1,7.5,HEP1101,ROS1101
HEP_ROSA,HEP_ROS2.1,7.1,HEP1101,ROS1101
HLY_DEVA,HLY_OHW1.1,17.2,OHW2201,HLY2201
HLY_DEVA,HLY_OHW2.1,17.2,OHW2201,HLY2201
HLY_OTAA,HLY_OTA2.1,64.8,TAK2201,HLY2201
HLY_OTAA,HLY_OTA2.2,10.9,OTA2201,TAK2201
HLY_OTAA,GLN_HLY.1,53,GLN2201,HLY2201
HLY_OTAA,GLN_OTA.1,56.6,TAK2202,GLN2201
HLY_OTAA,GLN_OTA.2,10.9,OTA2201,TAK2202
HOR_ISL,HOR_ISL1.1,47,HOR0661,ISL0661
HOR_ISL,HOR_ISL2.1,47,HOR0661,ISL0661
HUI_MNIA,HUI_MNI1.1,8.5,MNI1101,HUI1101
HWB_OAMA,HWB_PAL2.1,47.1,HWB1101,PAL1101
HWB_OAMB,HWB_PAL1.1,46.5,HWB1101,PAL1101
HWB_ROXA,HWB_ROX1.1,126.2,HWB1101,ROX1101
HWB_ROXA,HWB_ROX2.1,126.2,HWB1101,ROX1101
HWB_SDNA,HWB_TMH.1,4.4,HWB2201,TMH2201
HWB_SDNA,HWB_SDN.1,11.2,HWB2201,SDN2201
HWB_SDNA,SDN_TMH.1,8.4,SDN2201,TMH2201
IGH_KIKA,IGH_KIK1.1,37.3,IGH1101,MCH1101
IGH_KIKA,IGH_KIK1.2,53.6,MCH1101,KIK1101
IGH_KIKB,IGH_KIK2.1,97.2,IGH1101,KIK1101
IGH_RFNA,IGH_RFN2.1,32.8,RFN1102,IGH1101
IGH_WMGA,IGH_WMG1.1,26.2,WMG1101,IGH1101
IGH_WPTB,WMG_WPT1.2,9.2,WPT1101,ORO1101
IGH_WPTB,WMG_WPT1.1,14.5,ORO1101,WMG1101
IGH_WPTB,IGH_WMG2.1,26.3,WMG1102,IGH1101
IGH_WPTB,IGH_KIK2.1,9.3,IGH1101,KIK1101
INV_MANA,INV_MAN.1,144.2,INV2201,MAN2201
INV_MANA,INV_NMA1.1,10.5,INV2201,NMA2201
INV_MANA,MAN_NMA3.1,133.7,NMA2201,MAN2201
INV_ROXA,INV_ROX1.1,132.2,ROX2201,INV2201
INV_ROXB,INV_ROX2.1,129.8,ROX2201,INV2201
INV_TWIA,INV_TWI1.1,24.3,INV2201,TWI2201
INV_TWIA,INV_TWI2.1,24.3,INV2201,TWI2201
ISL_DEVA,HOR_ISL1.1,6,HOR0661,ISL0661
ISL_DEVA,HOR_ISL2.1,6,HOR0661,ISL0661
ISL_KIKA,ISL_KIK1.1,229.9,KIK2201,ISL2201
ISL_KIKB,ISL_KIK2.1,60.15,WPR2202,ISL2201
ISL_KIKB,ISL_KIK3.1,60.15,WPR2203,ISL2201
ISL_KIKB,ISL_KIK2.2,39.2,CUL2202,WPR2202
ISL_KIKB,ISL_KIK3.2,39.2,CUL2203,WPR2203
ISL_KIKB,ISL_KIK2.3,136.25,KIK2201,CUL2202
ISL_KIKB,ISL_KIK3.3,136.25,KIK2201,CUL2203
ISL_SBKA,ISL_SBK1.1,25.5,SBK0661,ISL0661
ISL_SBKA,ISL_SBK2.1,25.5,SBK0661,ISL0661
ISL_SPNA,ISL_SPN1.1,13,SPN0661,ISL0661
ISL_SPNA,ISL_SPN2.1,13,SPN0662,ISL0661
KAI_SBKA,KAI_SBK1.1,7.1,SBK0661,KAI0661
KAI_SBKA,KAI_SBK2.1,7.1,SBK0661,KAI0661
KAW_DEVA,KAW_OHK.1,8.64,KAW2201,OHK2201
KAW_DEVA,EDG_KAW3.1,8.64,EDG2201,KAW2201
KAW_MATA,KAW_MAT1.1,9.5,MAT1101,KAW1101
KAW_MATA,KAW_MAT2.1,9.5,MAT1101,KAW1101
KEN_MPEA,KEN_MPE1.1,14.1,MPE1101,KEN1101
KEN_MPEA,KEN_MPE2.1,14.24,MPE1101,KEN1102
KIK_STKA,KIK_STK1.1,52.4,STK2201,KIK2201
KIK_STKA,KIK_STK2.1,52.4,STK2201,KIK2201
KIK_STKB,KIK_STK3.1,52.9,STK1101,KIK1101
KIN_DEVA,ARI_KIN1.1,20.2,ARI1101,KIN1101
KIN_DEVA,ARI_KIN2.1,22,ARI1101,KIN1101
KOE_MPEA,KOE_MPE1.1,56,KOE1101,MPE1101
KOE_MPEA,KOE_MPE2.1,56,KOE1101,MPE1101
KPU_WKOA,KPU_WKO1.1,33.2,WKO1101,KPU1101
KPU_WKOA,KPU_WKO2.1,33.2,WKO1101,KPU1102
KWA_WIL,KWA_WIL1.1,3.3,WIL1101,KWA1101
KWA_WIL,KWA_WIL2.1,3.3,WIL1101,KWA1102
LCH_KINA,KIN_TRK1.1,16.65,KIN1101,LFD1102
LCH_KINA,KIN_TRK1.2,2.35,LFD1102,TRK1102
LCH_KINB,KIN_TRK2.1,18.2,KIN1101,LFD1101
LCH_KINB,KIN_TRK2.2,4.5,LFD1101,TRK1101
MAN_TWIA,MAN_NWA2.1,132.4,NMA2201,MAN2201
MAN_TWIA,NMA_TWI1.1,36.1,TWI2201,NMA2201
MAN_TWIA,MAN_NMA1.1,132.4,NMA2201,MAN2201
MAN_TWIA,NMA_TWI2.1,36.1,TWI2201,NMA2201
MDN_MPEA,MDN_MPE1.1,29.1,MDN1101,MPE1101
MDN_MPEA,MDN_MPE2.1,29.1,MDN1101,MPE1101
MER_TAKA,BOB_HAM1.1,45.4,BOB1101,HAM1101
MER_TAKA,BOB_HAM2.1,45.4,BOB1101,HAM1101
MGM_MSTA,MGM_MST1.1,56.5,MGM1101,MST1101
MGM_WDVA,MGM_WDV1.1,26.3,WDV1102,MGM1101
MHO_PKKA,MHO_PRM1.1,58.3,MHO1102,PRM1101
MHO_PKKA,MHO_PRM2.1,58.3,MHO1101,PRM1102
MHO_PKKA,PRM_PNI_TKR1.1,7.6,PRM1101,PNI1101
MHO_PKKA,PRM_PNI_TKR2.1,7.6,PRM1102,PNI1102
MNG_ROSA,MNG_ROS1.1,11.7,ROS1101,MNG1101
MNG_ROSA,MNG_ROS2.1,11.7,ROS1101,MNG1101
MNI_DEVA,MNI_SFD1.1,24.56,MNI1101,SFD1101
MNI_DEVA,CST_MNI1.1,24.56,CST1101,MNI1101
MPE_KTAB,KOE_KTA1.1,55.8,KTA1101,KOE1101
MPI_UTKA,MPI_UTK.1,19.5,UTK0661,MPI0661
MST_UHTA,MST_UHT1.1,22.8,MST1101,GYT1101
MST_UHTA,MST_UHT1.2,30.4,GYT1101,UHT1101
MST_UHTA,MST_UHT2.1,22.8,MST1101,GYT1102
MST_UHTA,MST_UHT2.2,30.4,GYT1102,UHT1101
MTI_WKMA,MTI_WKM1.1,9.1,MTI2201,WKM2201
MTI_WKMB,MTI_WKM2.1,9.1,MTI2201,WKM2201
MTI_WPAA,MTI_WPA.1,9.8,WPA2201,MTI2201
NMA_TMHA,NMA_TMH1.1,198.1,TMH2201,NMA2201
NMA_TMHA,NMA_TMH2.1,198.1,TMH2201,NMA2201
NPL_SFDA,NPL_SFD1.1,42.3,NPL2201,SFD2201
NPL_SFDA,NPL_SFD2.1,42.3,NPL2201,SFD2201
OHA_TWZA,OHA_TWZ1.1,8.1,TWZ2201,OHA2201
OHA_TWZA,OHA_TWZ2.1,8.1,TWZ2201,OHA2201
OHK_EDGA,KAW_OHK.1,80.56,KAW2201,OHK2201
OHK_EDGA,EDG_KAW3.1,14.06,EDG2201,KAW2201
OKE_TMIA,OKE_TMI.1,26.1,TMI1101,OKE1101
OTA_WKMA,OTA_WKM1.1,190.8,OTA2201,WKM2201
OTA_WKMB,OTA_WKM2.1,190.8,OTA2201,WKM2201
OTA_WKMC,OHW_WKM1.1,118.2,OHW2201,WKM2201
OTA_WKMC,OHW_OTA1.1,72.3,OTA2201,OHW2201
OTA_WKMC,OHW_OTA2.1,72.3,OTA2201,OHW2201
OTA_WKMC,HAM_WKM.1,85.5,HAM2201,WKM2201
OTA_WKMC,HAM_OHW1.1,32.5,HAM2201,OHW2201
OWH_DEVA,EDG_OWH.1,11.1,OWH1101,EDG1101
OWH_DEVA,OKE_OWH.1,10.9,OKE1101,OWH1101
PKK_TKRA,PRM_PNI_TKR1.1,15.1,PRM1101,PNI1101
PKK_TKRA,PRM_PNI_TKR1.2,6.8,PNI1101,TKR1101
PKK_TKRA,PRM_PNI_TKR2.1,15.1,PRM1102,PNI1102
PKK_TKRA,PRM_PNI_TKR2.2,6.8,PNI1102,TKR1101
RDF_TUIA,RDF_TUI1.1,96.5,TUI1101,RDF1102
RDF_TUIA,RDF_TUI2.1,96.5,TUI1101,RDF1101
RDF_WHIA,RDF_WHI1.1,22.8,WHI2201,RDF2201
RDF_WHIA,RDF_WRK.1,22.8,WRK2201,RDF2201
RDF_WTUA,RDF_WTU1.1,9,RDF2201,WTU2201
RDF_WTUA,RDF_WTU2.1,9,RDF2201,WTU2202
ROT_TRKA,ROT_TRK1.1,11.7,ROT1102,TRK1101
ROT_TRKA,ROT_TRK2.1,11.7,ROT1101,TRK1102
ROX_ISLA,NSY_ROX.1,94.1,ROX2201,NSY2201
ROX_ISLA,LIV_NSY.1,48.2,LIV2201,NSY2201
ROX_ISLA,ISL_LIV.1,238.7,LIV2201,ISL2201
ROX_TMHA,ROX_TMH1.1,101.6,TMH2201,ROX2201
ROX_TMHA,ROX_TMH2.1,101.6,TMH2201,ROX2201
SBK_WPRA,SBK_WPR.1,34.5,WPR0661,SBK0661
SBK_WPRA,ASY_WPR.1,25.3,WPR0661,ASY0661
SBK_WPRA,ASY_SBK.1,8.5,ASY0661,SBK0661
STK_UTKA,STK_UTK1.2,22.6,UTK0661,MOT0661
STK_UTKA,STK_UTK1.1,36,MOT0661,STK0661
STK_UTKB,COB_STK2.1,36.4,MOT0662,STK0661
STK_UTKB,COB_STK2.2,22.4,COB0661,MOT0662
TIM_DEVA,ASB_TIM_TWZ1.2,32.4,OPI2202,TIM2202
TIM_DEVA,ASB_TIM_TWZ2.2,32.4,OPI2201,TIM2201
TKA_TIMA,TIM_TKA.2,39.5,ABY1101,TIM1101
TKA_TIMA,TIM_TKA.1,39.4,TKA1101,ABY1101
TKB_DEVA,TKB_TWZ.1,2.3,TKB2201,TWZ2201
TKB_DEVA,ISL_TKB.1,2.3,ISL2201,TKB2201
TKH_WAIA,TKH_WAI11.1,64.4,TKH0501,WAI0501
TKR_WILA,TKR_WIL1.1,17.34,WIL1101,TKR1101
TKR_WILA,TKR_WIL2.1,17.34,WIL1101,TKR1101
TRK_DEVA,KIN_TRK1.2,1.9,LFD1102,TRK1102
TRK_DEVB,KIN_TRK2.2,4.8,LFD1101,TRK1101
TRK_DEVB,OKE_TRK.1,4.8,TRK1101,OKE1101
TUI_WRAA,TUI_WRA1.1,34.8,WRA1101,TUI1101
TUI_WRAA,TUI_WRA2.1,34.8,WRA1102,TUI1101
TWC_TEEA,BPE_TWC_LTN1.3,5.8,TWT2201,TWC2201
TWZ_DEVA,BEN_TWZ.1,7.3,TWZ2201,BEN2202
TWZ_DEVA,TKB_TWZ.1,7.5,TKB2201,TWZ2201
WGN_SFDA,HWA_WVY1.1,35.3,HWA1001,WVY1101
WGN_SFDA,HWA_SFD1.1,26.5,SFD1101,HWA1101
WGN_SFDA,WGN_WVY1.1,47.6,WVY1101,WGN1101
WHU_WKOA,WHU_WKO1.1,20.3,WHU1101,WKO1101
WHU_WKOA,WHU_WKO2.1,20.3,WHU1101,WKO1101
WMG_WPTA,WMG_WPT2.1,14.3,ORO1102,WMG1102
WMG_WPTA,WMG_WPT2.2,9.1,WPT1102,ORO1102
WRK_WHIA,RDF_WRK.1,113.4,WRK2201,RDF2201
WRK_WHIA,WHI_WRK1.1,113.4,WRK2201,WHI2201
CPK_WILB,CPK_WWD_WIL3.1,5.8,MHT1103,WIL1101
CPK_WILB,CPK_WWD_WIL3.2,6.7,CPK1102,MHT1103
BPE_MHOA,BPE_MHO1.1,41.6,BPE1101,MHO1102
BPE_MHOB,BPE_MHO2.1,41.6,BPE1101,MHO1101
NPK_RTRA,OKN_ONG1.3,10,RTR1101,NPK1101
BPE_WRKA,BPE_TNG1.1,102.9,TNG2201,BPE2201
BPE_WRKA,RPO_TNG1.1,42.4,RPO2201,TNG2201
BPE_WRKA,RPO_WRK1.1,68.9,WRK2201,RPO2201
TNG_TEEA,BPE_TNG1.1,10.3,TNG2201,BPE2201
TNG_TEEA,RPO_TNG1.1,10.3,RPO2201,TNG2201
RPO_DEVA,RPO_TNG1.1,5.1,RPO2201,TNG2201
RPO_DEVA,RPO_WRK1.1,5.1,WRK2201,RPO2201
ARI_ONGA,ARI_HTI.1,40.6,ARI1101,HTI1101
RTO_HTIA,ARI_ONG.3,13.8,HTI1101,RTO1101
RTO_HTIA,ARI_HTI.1,13.3,ARI1101,HTI1101
ARI_ONGB,ARI_ONG.1,38.5,ARI1101,RTO1101
ARI_ONGB,ARI_ONG.2,53.1,RTO1101,ONG1101
MNG_OTAA,MNG_OTA1.1,3.7,MNG1101,OTA100G
MNG_OTAA,MNG_OTA2.1,3.7,MNG1101,OTA100H
SFD_TMNA,HLY_SFD.1,110,HLY2201,SFD2201
SFD_TMNA,SFD_TMN1.1,110,TWN2201,SFD2201
HLY_TMNA,HLY_TWH1.1,28.1,HLY2201,TWH2201
HLY_TMNA,TMN_TWH1.1,142.5,TWH2201,TWN2201
HLY_TMNA,HLY_SFD.1,170.9,HLY2201,SFD2201
TWH_DEVA,HLY_TWH1.1,2,HLY2201,TWH2201
TWH_DEVA,TMN_TWH1.1,2,TWH2201,TWN2201
HAY_TKRA,HAY_TKR1.1,9.4,TKR1101,HAY1101
HAY_TKRA,HAY_TKR2.1,9.4,TKR1101,HAY1101
KPA_SFD,OPK_SFD1.1,17.85,SFD1101,OPK1101
KPA_SFD,OPK_KPI_SFD2.2,17.85,SFD1101,KPA1101
OPK_KPA,OPK_SFD1.1,20.95,SFD1101,OPK1101
OPK_KPA,OPK_KPI_SFD2.1,20.95,KPA1101,OPK1102
OKI_WRKA,OKI_NAP_WPK2.1,7.5,WRK2201,NAP2201
OKI_WRKA,OKI_NAP_WPK2.2,14.1,NAP2201,OKI2201
OKI_WRKA,OKI_WRK1.1,21.6,WRK2201,OKI2201
OKI_WRKB,OKI_WRK3.1,19.9,WRK0331,OKI0331
ATI_WRKB,OHK_WRK.1,26.4,OHK2201,WRK2201
ATI_WRKB,ATI_OHK.1,6,ATI2201,OHK2201
ATI_WKMB,ATI_WKM.1,23.8,ATI2201,WKM2201
PPI_WKMB,WKM_PPI_WRK.1,33.2,WKM2201,PPT2201
WRK_PPIB,WKM_PPI_WRK.2,4.3,PPT2201,WRK2201
PPI_TEE,WKM_PPI_WRK.3,2.3,PPI2201,PPT2201
HAM_CBG,HAM_KPO1.1,20,HAM1101,CBG1101
HAM_CBG,HAM_KPO2.1,20,HAM1101,CBG1102
CBG_KPO,HAM_KPO2.2,6.8,CBG1102,KPO1101
CBG_KPO,HAM_KPO1.2,6.8,CBG1101,KPO1101
HIN_KPOA,HIN_KPO.1,20.9,KPO1101,HIN1101
KPO_TMUA,KPO_TMU.1,22.1,KPO1101,TMU1101
OTA_PENC,OTA_PEN5.1,10.5,PEN2201,OTA2202
OTA_PENC,OTA_PEN6.1,10.5,PEN2201,OTA2202
OTA_PENA,OTA_PEN2.1,10,PEN1101,OTA100B
OTA_PAKA,OTA_PAK.1,5.1,PAK1101,OTA1008
PAK_PENA,PAK_PEN.1,8.5,PEN1101,PAK1101
PEN_ROSA,OTA_ROS1.1,19.6,ROS1101,OTA100C
PEN_ROSA,OTA_ROS2.1,19.6,ROS1101,OTA100D
OTA_PENB,OTA_ROS1.1,0.2,ROS1101,OTA100C
OTA_PENB,OTA_ROS2.1,0.2,ROS1101,OTA100D
x,CBG_HIN1.1,27.7,CBG1101,HIN1101
x,CBG_TMU1.1,28.9,CBG1102,TMU1101
ALB_WRDA,ALB_WRD4.1,,,
PEN_HOBA,HOB_PEN1.1,,,
HOB_WRDA,HOB_WRD1.1,,,
MHO_PKKB,PRM_PNI_TKR1.1,,,
MHO_PKKB,PRM_PNI_TKR2.1,,,
KHD_TKRA,PRM_PNI_TKR1.2,,,
KHD_TKRA,PRM_PNI_TKR2.2,,,
WRK_WKMC,THI_WKM1.1,0.45,,
WRK_WKMC,THI_WRK1.1,0.05,,
WRK_WKMC,WKM_WRK1.1,0.5,,
THI_DEVA,PPI_THI1.1,,,
IGH_RFTA,DOB_RFN_IGH2.3,,,
IGH_RFTA,DOB_RFN_IGH2.2,,,
IGH_RFTA,DOB_RFN_IGH2.1,,,
HAI_MTMC,KMO_MTM1.1,,,
MKE_TEEA,MNI_MKE_SFD1.3,,,
BPE_WKMA1,TKU_WKM1.1,,,
KWA_C,KWA_WIL1.1,,,
KWA_C,KWA_WIL2.1,,,
BHL_OTAA,PAK_WKM1.1,,,
PAO_TEEA,HAM_PAO_WHU1.3,,,
PAO_TEEA,HAM_PAO_WHU2.3,,,
ASY_DEVB,ASB_TIM_TWZ2.1,,,
PAK_PENB,PAK_PEN9.1,,,
DOB_TEEA,DOB_RFN_IGH2.1,,,
WWD_TEEA,CPK_WWD_WIL2.3,3,WWD1102,MHT1102
WWD_TEEA,CPK_WWD_WIL3.3,3,WWD1102,MHT1102
ALB_HENAC,ALB_HEN3.1,,,
KBY_TEEA,HOR_KBY_ISL1.3,,,
GIS_TOBA,GIS_TUI1.1,,,
GIS_TOBA,GIS_TUI1.1,,,
BHL_PAKA,PAK_WKM1.1,,,
BHL_PAKB,PAK_WKM2.1,,,
HAY_MLGB,HAY_MLG1.1,,,
HAY_MLGB,HAY_MLG2.1,,,
IGH_BWRA,ATU_RFN_IGH1.1,,,
PPI_THIA,PPI_THI1.1,,,
TUI_BPEA,BPE_TWC_LTN1.3,,,
BPD_TEEA,OAM_STU_WTK2.2,,,
BHL_WHNA,PAK_WKM1.2,,,
BHL_WHNA,PAK_WKM2.2,,,
