ABY_T2.T2,
ADD_ISL1.1,
ADD_ISL1.2,
ADD_ISL1.3,
"ADD_ISL2.1, ADD_ISL3.1",
ADD_ISL4.1,
ADD_ISL4.2,
ADD_ISL4.3,
"ADD_T2.T2, ADD_T3.T3, ADD_T6.T6, ADD_T7.T7",
ADD_T5.T5,
"ALB_HEN1.1, ALB_HEN2.1",
ALB_HEN3.1,
ALB_HPI1.1,
ALB_SVL1.1,
ALB_SVL2.1,
"ALB_T3.T3, ALB_T6.T6, ALB_T8.T8",
ALB_T4.T4,
ALB_WRD1.1,
ALB_WRD2.1,
ALB_WRD3.1,
ALB_WRD4.1,
ANI_MAT.1,
ANI_T1.T1,
ANI_T2.T2,
APS_T1.T1,
ARA_T1.T1,
ARA_T2.T2,
ARA_T3.T3,
ARA_WRK.1,
ARG_T1.T1,
ARI_BOB1.1,
"ARI_HAM1.1, ARI_HAM2.1",
ARI_HTI.1,
"ARI_KIN1.1, ARI_KIN2.1",
ARI_ONG.1,
ARI_ONG.2,
ARI_ONG.3,
ARI_T1.T1,
ARI_T5.T5,
ARI_T6.T6,
ARI_T7.T7,
ARI_T8.T8,
ASB_BRY.1,
ASB_HBK1.1,
ASB_ISL1.1,
"ASB_T1.T1, ASB_T3.T3",
"ASB_T10.T10, ASB_T8.T8",
ASB_T9.T9,
ASB_TIM_TWZ1.1,
ASB_TIM_TWZ1.2,
ASB_TIM_TWZ1.3,
ASB_TIM_TWZ2.1,
ASB_TIM_TWZ2.2,
ASB_TIM_TWZ2.3,
ASY_SBK.1,
"ASY_T3.T3, ASY_T5.T5",
ASY_WPR.1,
ATI_OHK.1,
"ATI_T1.T1, ATI_T2.T2, ATI_T3.T3, ATI_T4.T4",
"ATI_TRK1.1, ATI_TRK2.1",
ATI_WKM.1,
ATU_DOB1.1,
ATU_RFN_IGH1.1,
ATU_RFN_IGH1.2,
"AVI_BEN1.1, AVI_BEN2.1",
AVI_T1.T1,
AVI_T2.T2,
AVI_T3.T3,
AVI_T4.T4,
AVI_WTK.1,
BAL_GOR.1,
BAL_HWB.1,
BAL_HWB.2,
"BAL_T1.T1, BAL_T2.T2",
BDE_EDN.1,
BDE_GOR.1,
"BDE_T1.T1, BDE_T2.T2",
BEN_HAY1.1,
BEN_HAY2.1,
BEN_OHB.1,
BEN_OHC.1,
BEN_T28.T28,
BEN_T30.T30,
BEN_T42.T42,
BEN_T44.T44,
BEN_T46.T46,
BEN_TWZ.1,
BLN_KIK.1,
BLN_KIK.2,
"BLN_STK1.1, BLN_STK2.1",
"BLN_T1.T1, BLN_T2.T2, BLN_T3.T3",
"BOB_HAM1.1, BOB_HAM2.1",
BOB_MER.33,
BOB_OTA1.1,
BOB_OTA1.2,
BOB_OTA2.1,
BOB_OTA2.2,
"BOB_T2.T2, BOB_T3.T3",
"BPE_BRK1.1, BPE_BRK2.1",
"BPE_HAY1.1, BPE_HAY2.1",
BPE_MHO1.1,
BPE_MHO2.1,
BPE_MTR1.1,
BPE_PRM_HAY1.1,
BPE_PRM_HAY1.2,
BPE_PRM_HAY2.1,
BPE_PRM_HAY2.2,
BPE_T1.T1,
"BPE_T10.T10, BPE_T9.T9",
"BPE_T15.T15, BPE_T16.T16",
BPE_T2.T2,
BPE_T3.T3,
"BPE_TKU1.1, BPE_TKU2.1",
BPE_TNG1.1,
BPE_TWC_LTN1.1,
BPE_TWC_LTN1.2,
BPE_TWC_LTN1.3,
"BPE_WDV1.1, BPE_WDV2.1",
BPE_WGN1.1,
BPE_WGN1.2,
BPE_WGN2.1,
BPE_WGN2.2,
BPE_WIL1.1,
BPE_WIL1.2,
BRB_HPI1.1,
BRB_MDN.1,
"BRB_T2.T2, BRB_T3.T3",
"BRK_SFD1.1, BRK_SFD2.1, BRK_SFD3.1",
BRK_T1.T1,
BRY_ISL.1,
"BRY_T2.T2, BRY_T3.T3",
BRY_T4.T4,
BRY_T5.T5,
BRY_T6.T6,
BRY_T7.T7,
BWK_WPI.1,
CBG_T3.T3,
CBG_T4.T4,
CLH_T1.T1,
CML_FKN1.1,
CML_FKN2.1,
CML_T5A.T5A,
CML_T5B.T5B,
CML_T8.T8,
COB_STK2.1,
COB_STK2.2,
"COB_T1.T1, COB_T2.T2",
COB_UTK1.1,
"COL_HOR2.1, COL_HOR3.1",
COL_OTI1.1,
COL_OTI1.2,
COL_OTI1.3,
COL_OTI2.1,
COL_T1.T1,
COL_T2.T2,
COL_T6.T6,
"CPK_T11.T11, CPK_T12.T12",
CPK_T3.T3,
CPK_T4.T4,
CPK_T5.T5,
CPK_WIL1.1,
CPK_WWD_WIL2.1,
CPK_WWD_WIL2.2,
CPK_WWD_WIL2.3,
CPK_WWD_WIL3.1,
CPK_WWD_WIL3.2,
CPK_WWD_WIL3.3,
"CST_HUI1.1, CST_HUI2.1",
CST_MNI1.1,
"CST_NPL1.1, CST_NPL2.1",
CST_SFD1.1,
"CST_T2.T2, CST_T4.T4",
CUL_T1.T1,
CUL_T22.T22,
CUL_T23.T23,
"CYD_ROX1.1, CYD_ROX2.1",
CYD_T1.T1,
CYD_T2.T2,
CYD_T3.T3,
CYD_T4.T4,
"CYD_T7.T7, CYD_T8.T8",
CYD_TWZ1.1,
CYD_TWZ1.2,
CYD_TWZ2.1,
CYD_TWZ2.2,
DOB_GYM.1,
DOB_RFN_IGH2.1,
DOB_RFN_IGH2.2,
DOB_RFN_IGH2.3,
"DOB_T1.T1, DOB_T2.T2",
DOB_T11.T11,
DOB_T12.T12,
"DRY_GLN1.1, DRY_GLN2.1",
DRY_HLY1.1,
DRY_OTA1.1,
DRY_OTA1.2,
DVK_T1.T1,
DVK_T2.T2,
DVK_WDV1.1,
DVK_WDV2.1,
DVK_WPW1.2,
DVK_WPW2.2,
"EDG_KAW1.1, EDG_KAW2.1",
EDG_KAW3.1,
EDG_MAT2.1,
EDG_OWH.1,
EDG_T4.T4,
EDG_T5.T5,
EDG_T7.T7,
EDG_T8.T8,
"EDG_TRK1.1, EDG_TRK2.1",
EDG_WAI2.1,
EDN_INV.1,
"EDN_T1.T1, EDN_T2.T2",
"FHL_RDF1.1, FHL_RDF2.1",
"FHL_T1.T1, FHL_T2.T2",
FHL_TUI1.1,
"FKN_T2A.T2A, FKN_T2B.T2B",
FKN_T4.T4,
GFD_HAY1.1,
GFD_HAY2.1,
GFD_T5.T5,
GFD_T6.T6,
GIS_T2.T2,
GIS_T4.T4,
"GIS_TUI1.1, GIS_TUI2.1",
"GLN_T4.T4, GLN_T5.T5",
GLN_T6.T6,
GLN_TG.TG,
GOR_ROX.1,
"GOR_T2.T2, GOR_T3.T3",
GYM_KUM.1,
"GYM_T1.T1, GYM_T2.T2",
GYT_T2.T2,
GYT_T3.T3,
HAM_KPO1.1,
HAM_KPO1.2,
HAM_KPO2.1,
HAM_KPO2.2,
HAM_OHW1.1,
HAM_PAO_WHU1.1,
HAM_PAO_WHU1.2,
HAM_PAO_WHU1.3,
HAM_PAO_WHU2.1,
HAM_PAO_WHU2.2,
HAM_PAO_WHU2.3,
"HAM_T1.T1, HAM_T2.T2",
"HAM_T4.T4, HAM_T5.T5",
"HAM_T6.T6, HAM_T9.T9",
HAM_T8.T8,
HAM_WKM.1,
HAY_BEN1.1,
HAY_BEN2.1,
HAY_LTN1.1,
HAY_MLG1.1,
HAY_MLG2.1,
HAY_R34.1,
HAY_T1.T1,
HAY_T11.T11,
HAY_T12.T12,
HAY_T16.T16,
HAY_T2.T2,
HAY_T23.T23,
HAY_T25.T25,
HAY_T5.T5,
"HAY_TKR1.1, HAY_TKR2.1",
"HAY_UHT1.1, HAY_UHT2.1",
HAY_WIL1.1,
HBK_T5.T5,
"HEN_HEP1.1, HEN_HEP2.1, HEN_HEP3.1, HEN_HEP4.1",
HEN_HPI1.1,
HEN_MPE1.1,
HEN_MPE1.2,
HEN_MPE1.3,
HEN_MPE2.1,
HEN_MPE2.2,
HEN_MPE2.3,
HEN_OTA.1,
HEN_SWN.1,
HEN_T1.T1,
"HEN_T2.T2, HEN_T3.T3",
HEN_T5.T5,
"HEP_ROS1.1, HEP_ROS2.1",
"HEP_T1.T1, HEP_T2.T2, HEP_T3.T3",
HIN_KPO.1,
"HIN_T1.T1, HIN_T2.T2",
HKK_KUM1.1,
HKK_OTI2.1,
"HKK_T1.T1, HKK_T2.T2",
"HLY_OHW1.1, HLY_OHW2.1",
HLY_OTA2.1,
HLY_OTA2.2,
HLY_SFD.1,
HLY_T1.T1,
HLY_T2.T2,
"HLY_T21.T21, HLY_T22.T22",
HLY_T4.T4,
HLY_T500.T500,
HLY_TWH1.1,
"HOB_LST1.1, HOB_LST2.1",
HOB_LST3.1,
HOB_LST4.1,
HOB_PEN1.1,
"HOB_QST1.1, HOB_QST2.1, HOB_QST3.1",
HOB_T12.T12,
HOB_T3.T3,
HOB_T4.T4,
HOB_T5.T5,
HOB_WRD1.1,
HOR_KBY_ISL1.1,
HOR_KBY_ISL1.2,
HOR_KBY_ISL1.3,
HOR_KBY_ISL2.1,
HOR_KBY_ISL2.2,
HOR_KBY_ISL2.3,
"HOR_T5.T5, HOR_T8.T8",
HPI_MDN1.1,
"HTI_T1.T1, HTI_T2.T2",
HUI_MNI1.1,
"HUI_T5.T5, HUI_T6.T6",
HWA_PTA.1,
HWA_SFD1.1,
"HWA_T1.T1, HWA_T2.T2",
HWA_T3.T3,
"HWA_WAA1.1, HWA_WAA2.1",
HWA_WVY1.1,
HWB_PAL1.1,
"HWB_ROX1.1, HWB_ROX2.1",
HWB_SDN.1,
HWB_T1.T1,
HWB_T2.T2,
HWB_T4.T4,
HWB_T5.T5,
HWB_TMH.1,
"HWB_WPIA.1, HWB_WPIB.1, HWB_WPIC.1",
IGH_KIK1.1,
IGH_KIK1.2,
IGH_KIK2.1,
IGH_WMG1.1,
IGH_WMG2.1,
INV_MAN.1,
INV_NMA.1,
"INV_ROX1.1, INV_ROX2.1",
INV_T1.T1,
"INV_T3.T3, INV_T5.T5",
"INV_TWI1.1, INV_TWI2.1",
ISL_KIK1.1,
ISL_KIK2.1,
ISL_KIK2.2,
ISL_KIK2.3,
ISL_KIK3.1,
ISL_KIK3.2,
ISL_KIK3.3,
ISL_LIV.1,
"ISL_SBK1.1, ISL_SBK2.1",
"ISL_SPN1.1, ISL_SPN2.1",
"ISL_T1.T1, ISL_T2.T2",
ISL_T3.T3,
ISL_T6.T6,
ISL_T7.T7,
ISL_TKB.1,
KAG_GEN.1,
"KAG_T1.T1, KAG_T2.T2",
"KAI_SBK1.1, KAI_SBK2.1",
"KAI_T1.T1, KAI_T2.T2",
"KAW_MAT1.1, KAW_MAT2.1",
KAW_OHK.1,
KAW_ONU1.1,
KAW_ONU2.1,
KAW_ONU3.1,
KAW_ONU4.1,
"KAW_T1.T1, KAW_T2.T2",
"KAW_T11.T11, KAW_T14.T14",
KAW_T12.T12,
KAW_T13.T13,
"KAW_T6.T6, KAW_T7.T7, KAW_T8.T8, KAW_T9.T9",
KBY_T1.T1,
KBY_T2.T2,
KEN_MPE1.1,
KEN_MPE2.1,
KEN_T1.T1,
KEN_T2.T2,
"KIK_STK1.1, KIK_STK2.1",
KIK_STK3.1,
KIK_T1.T1,
KIK_T2.T2,
KILN_COGEN.1,
"KIN_T1A.T1A, KIN_T2.T2",
"KIN_T3A.T3A, KIN_T3B.T3B",
KIN_T4.T4,
KIN_T5.T5,
KIN_TRK1.1,
KIN_TRK1.2,
KIN_TRK2.1,
KIN_TRK2.2,
KMI_T1.T1,
KMI_TGA1.1,
KMO_MTM_TGA2.1,
KMO_MTM_TGA2.2,
KMO_MTM_TGA2.3,
KMO_MTM1.1,
KMO_T1.T1,
KMO_T2.T2,
KMO_T4.T4,
KMO_TGA1.1,
KMO_TMI1.1,
"KMO_TRK1.1, KMO_TRK2.1",
KOE_KTA1.1,
"KOE_MPE1.1, KOE_MPE2.1",
KOE_T2.T2,
KOE_T3.T3,
KPI_T1.T1,
KPO_T1.T1,
KPO_T2.T2,
KPO_T3.T3,
KPO_TMU.1,
KPU_T3.T3,
KPU_T4.T4,
KPU_WKO1.1,
KPU_WKO2.1,
"KTA_T4.T4, KTA_T5.T5",
KUM_OTI.1,
KUM_T1.T1,
KWA_T2.T2,
KWA_T3.T3,
KWA_WIL1.1,
KWA_WIL2.1,
LFD_T1.T1,
LFD_T2.T2,
LIV_NSY.1,
LIV_WTK.1,
"LST_PEN1.1, LST_PEN2.1",
LST_QST1.1,
LST_ROS1.2,
"LST_T1.T1, LST_T2.T2, LST_T3.T3",
LTN_T2.T2,
LTN_T3.T3,
"MAN_NMA1.1, MAN_NMA2.1, MAN_NMA3.1",
MAN_T1.T1,
MAN_T2.T2,
MAN_T3.T3,
MAN_T4.T4,
MAN_T5.T5,
MAN_T6.T6,
MAN_T7.T7,
"MAN_T8.T8, MAN_T9.T9",
MAT_T1.T1,
MAT_T2.T2,
MCH_T1.T1,
"MDN_MPE1.1, MDN_MPE2.1",
MDN_T5.T5,
MDN_T6.T6,
MGM_MST1.1,
"MGM_T2.T2, MGM_T3.T3",
MGM_WDV1.1,
MHO_T1.T1,
MHO_T3.T3,
MHO_T4.T4,
MKE_T1.T1,
MKE_T2.T2,
MLG_T1.T1,
MLG_T2.T2,
MLG_T3.T3,
MLG_T4.T4,
"MNG_OTA1.1, MNG_OTA2.1",
"MNG_ROS1.1, MNG_ROS2.1",
"MNG_T1.T1, MNG_T2.T2",
MNI_MKE_SFD1.1,
MNI_MKE_SFD1.2,
MNI_MKE_SFD1.3,
"MNI_T3.T3, MNI_T4.T4",
MOK_T1.T1,
MOK_T2.T2,
MOK_WKM.1,
MOT_T5.T5,
MOT_T6.T6,
MPI_T3.T3,
MPI_UTK.1,
"MST_T2.T2, MST_T3.T3",
MST_UHT1.1,
MST_UHT1.2,
MST_UHT2.1,
MST_UHT2.2,
MTI_T1.T1,
MTI_T10.T10,
MTI_T2.T2,
MTI_T3.T3,
MTI_T4.T4,
MTI_T5.T5,
MTI_T6.T6,
MTI_T7.T7,
MTI_T8.T8,
MTI_T9.T9,
"MTI_WKM1.1, MTI_WKM2.1",
MTI_WPA.1,
"MTM_T1.T1, MTM_T3.T3",
MTN_T1.T1,
MTN_T2.T2,
MTO_T1.T1,
MTO_T2.T2,
MTR_OKN1.1,
MTR_T2.T2,
NAP_NTM1.1,
NAP_OKI2.1,
NAP_T1.T1,
NAP_WRK2.1,
"NMA_T1.T1, NMA_T2.T2",
"NMA_TMH1.1, NMA_TMH2.1",
"NMA_TWI1.1, NMA_TWI2.1",
NPK_T1.T1,
"NPL_SFD1.1, NPL_SFD2.1",
"NPL_T6.T6, NPL_T7.T7",
NPL_T8.T8,
NSY_PRU1.1,
NSY_ROX.1,
"NSY_T1.T1, NSY_T2.T2",
NTM_T1.T1,
NTM_T2.T2,
OAM_BPT_WTK1.1,
OAM_BPT_WTK1.2,
OAM_BPT_WTK1.3,
OAM_STU_WTK2.1,
OAM_STU_WTK2.2,
OAM_STU_WTK2.3,
OAM_STU_WTK2.4,
OAM_T1.T1,
OAM_T2.T2,
OHA_T4.T4,
OHA_T5.T5,
OHA_T6.T6,
OHA_T7.T7,
"OHA_TWZ1.1, OHA_TWZ2.1",
OHB_T10.T10,
OHB_T11.T11,
OHB_T8.T8,
OHB_T9.T9,
OHB_TWZ.1,
OHC_T12.T12,
OHC_T13.T13,
OHC_T14.T14,
OHC_T15.T15,
OHC_TWZ.1,
OHK_T1.T1,
OHK_T2.T2,
OHK_T3.T3,
OHK_T4.T4,
OHK_WRK.1,
OHW_OTA1.1,
OHW_OTA2.1,
OHW_WKM1.1,
OKE_OWH.1,
OKE_TMI.1,
OKE_TRK.1,
OKI_T1.T1,
OKI_T2.T2,
OKI_T5.T5,
OKI_WRK1.1,
OKN_ONG1.1,
OKN_ONG1.2,
OKN_ONG1.3,
OKN_T1.T1,
ONG_T1.T1,
OPK_KPI_SFD2.1,
OPK_KPI_SFD2.2,
OPK_KPI_SFD2.3,
OPK_SFD1.1,
OPK_T4.T4,
OPK_T5.T5,
OTA_PAK3.1,
OTA_PAK4.1,
OTA_PEN2.1,
OTA_PEN5.1,
OTA_PEN6.1,
"OTA_ROS1.1, OTA_ROS2.1",
OTA_SWN.1,
"OTA_T11.T11, OTA_T12.T12",
OTA_T2.T2,
OTA_T3.T3,
OTA_T4.T4,
OTA_T5.T5,
OTA_TIE3.1,
"OTA_TIE4.1, OTA_TIE5.1",
"OTA_WKM1.1, OTA_WKM2.1",
OTC_GEN.1,
OTC_T1.T1,
OTI_T6.T6,
"OWH_T1.T1, OWH_T2.T2",
PAK_PEN3.1,
"PAK_T1.T1, PAK_T2.T2, PAK_T3.T3",
PAK_WKM1.1,
PAK_WKM1.2,
PAK_WKM2.1,
PAK_WKM2.2,
PAL_T1.T1,
PEN_R862.1,
PEN_T10.T10,
"PEN_T11.T11, PEN_T7.T7, PEN_T9.T9",
"PEN_T21.T21, PEN_T22.T22, PEN_T23.T23",
PEN_T5.T5,
PEN_T6.T6,
PNI_T1.T1,
PNI_T2.T2,
PPI_T1.T1,
PPI_THI1.1,
PRM_PNI_TKR1.1,
PRM_PNI_TKR1.2,
PRM_PNI_TKR2.1,
PRM_PNI_TKR2.2,
PRM_T3.T3,
PRM_T4.T4,
PRU_T1.T1,
PTA_T1.T1,
QST_T3A.T3A,
RDF_T1.T1,
"RDF_T1.T1, RDF_T2.T2",
"RDF_T3.T3, RDF_T4.T4",
"RDF_TUI1.1, RDF_TUI2.1",
RDF_WHI1.1,
RDF_WRK.1,
RDF_WTU1.1,
RDF_WTU2.1,
RKA_T1.T1,
RKA_WRK1.1,
"ROS_T2.T2, ROS_T3.T3, ROS_T4.T4",
ROT_T2.T2,
"ROT_T3.T3, ROT_T4.T4",
ROT_T5.T5,
ROT_TRK1.1,
ROT_TRK2.1,
ROT_WHE1.1,
ROX_T1.T1,
ROX_T10.T10,
ROX_T2.T2,
ROX_T3.T3,
ROX_T4.T4,
ROX_T5.T5,
ROX_T6.T6,
ROX_T7.T7,
ROX_T8.T8,
"ROX_TMH1.1, ROX_TMH2.1",
RPO_T5.T5,
RPO_T6.T6,
RPO_TNG1.1,
RPO_WRK1.1,
"SBK_T1.T1, SBK_T2.T2",
SBK_WPR.1,
"SDN_T1.T1, SDN_T2.T2",
SDN_TMH.1,
SFD_SPL.1,
SFD_T10.T10,
SFD_T21.T21,
SFD_T22.T22,
"SFD_T6.T6, SFD_T8.T8",
SFD_TMN1.1,
SPL_T10.T10,
"SPN_T1.T1, SPN_T2.T2",
"STK_T10.T10, STK_T6.T6",
STK_T3.T3,
STK_T7.T7,
STK_UTK1.1,
STK_UTK1.2,
"STU_T5.T5, STU_T6.T6",
STU_TIM.1,
SVL_T1.T1,
SVL_T2.T2,
SWN_T1A.T1A,
SWN_T1B.T1B,
SWN_T2.T2,
TAA_T1.T1,
TAA_WRK1.1,
TAK_T5.T5,
TAK_T8.T8,
"TGA_T1.T1, TGA_T2.T2",
"TGA_T3.T3, TGA_T4.T4",
THI_T1.T1,
THI_T2.T2,
THI_WKM1.1,
THI_WRK1.1,
"TIM_T2.T2, TIM_T4.T4, TIM_T6.T6",
TIM_T5.T5,
TIM_T8.T8,
TIM_TKA.1,
TIM_TKA.2,
TIM_TMK1.1,
TIM_TMK2.1,
TKA_T1.T1,
TKA_T6.T6,
TKB_T2.T2,
TKB_T3.T3,
TKB_TWZ.1,
TKH_T1.T1,
TKH_WAI1.1,
"TKR_T1.T1, TKR_T2.T2",
"TKR_WIL1.1, TKR_WIL2.1",
TKU_T1.T1,
TKU_T2.T2,
TKU_T21.T21,
TKU_T3.T3,
TKU_T4.T4,
"TKU_WKM1.1, TKU_WKM2.1",
"TMI_T1.T1, TMI_T2.T2",
TMK_T1.T1,
TMK_T2.T2,
"TMN_T5.T5, TMN_T8.T8",
TMN_TWH1.1,
"TMU_T1.T1, TMU_T2.T2",
"TNG_T11.T11, TNG_T12.T12",
"TNG_T2.T2, TNG_T3.T3",
TRC_T1.T1,
TRC_T2.T2,
TRC_TWH.1,
TRK_T1.T1,
TRK_T2.T2,
TRK_T3.T3,
TRK_T4.T4,
TUI_T1.T1,
TUI_T15.T15,
TUI_T2.T2,
TUI_T3.T3,
TUI_T4.T4,
TUI_T5.T5,
TUI_T6.T6,
TUI_T7.T7,
TUI_WRA1.1,
TUI_WRA2.1,
"TWH_T1.T1, TWH_T2.T2",
"TWZ_T18.T18, TWZ_T19.T19",
"UHT_T1.T1, UHT_T2.T2",
"WAA_T2.T2, WAA_T4.T4",
WAA_T3.T3,
"WAI_T1.T1, WAI_T2.T2",
WAI_T5.T5,
"WDV_T1.T1, WDV_T2.T2",
WEL_T1.T1,
WEL_T2.T2,
"WGN_T1.T1, WGN_T2.T2",
WGN_WVY1.1,
WHE_T1.T1,
"WHI_T1.T1, WHI_T2.T2, WHI_T3.T3",
WHI_WRK1.1,
"WHU_T1.T1, WHU_T2.T2, WHU_T3.T3",
"WHU_WKO1.1, WHU_WKO2.1",
"WIL_T3.T3, WIL_T5.T5",
WIL_T8.T8,
WIR_T1.T1,
WIR_T2.T2,
WKM_T1.T1,
WKM_T2.T2,
WKM_T3.T3,
WKM_T4.T4,
WKM_T8.T8,
WKM_T9.T9,
"WKM_TIE1.1, WKM_TIE2.1",
WKM_WRK1.1,
"WKO_T1.T1, WKO_T2.T2",
WMG_WPT1.1,
WMG_WPT1.2,
WMG_WPT1.3,
WMG_WPT2.1,
WMG_WPT2.2,
WMG_WPT2.3,
WPA_T1.T1,
WPR_T12.T12,
WPR_T13.T13,
WPR_T3.T3,
WPT_T1.T1,
WPT_T2.T2,
WPW_T1.T1,
WPW_T2.T2,
WRA_T1.T1,
WRA_T2.T2,
WRD_T1.T1,
WRD_T2.T2,
WRD_T3.T3,
WRD_T7.T7,
WRK_T1.T1,
WRK_T2.T2,
WRK_T29.T29,
WRK_T3.T3,
WRK_T30.T30,
WRK_T4.T4,
"WTK_T21.T21, WTK_T22.T22",
WTK_T23.T23,
WTK_T24.T24,
WTK_T28.T28,
WTU_T3.T3,
WTU_T4.T4,
WVY_T1.T1,
ABY,
ADD,
ALB,
APS,
ARA,
ARG,
ARI,
ASB,
ASY,
ATI,
ATU,
AVI,
BAL,
BDE,
BEN,
BHL,
BLN,
BOB,
BPC,
BPD,
BPE,
BPT,
BRB,
BRK,
BRY,
BWK,
CBG,
CLH,
CML,
COB,
COL,
CPK,
CST,
CUL,
CYD,
DOB,
DRY,
DVK,
EDG,
EDN,
FHL,
FKN,
GFD,
GIS,
GLN,
GNY,
GOR,
GYM,
GYT,
HAM,
HAY,
HEN,
HEP,
HIN,
HKK,
HLY,
HOB,
HOR,
HPI,
HTI,
HUI,
HWA,
HWB,
IGH,
INV,
ISL,
KAI,
KAW,
KBT,
KBY,
KEN,
KIK,
KIN,
KMO,
KOE,
KPA,
KPO,
KPU,
KUM,
KWA,
LFD,
LIV,
LTN,
MAN,
MAT,
MCH,
MDN,
MER,
MGM,
MHO,
MHT,
MKE,
MKT,
MLG,
MLN,
MLT,
MNG,
MNI,
MOT,
MPE,
MPI,
MST,
MTI,
MTM,
MTN,
MTO,
MTR,
MVE,
NAP,
NGA,
NMA,
NPK,
NPL,
NSY,
OAM,
OHA,
OHB,
OHC,
OHK,
OHW,
OKE,
OKI,
OKN,
ONG,
OPI,
OPK,
ORO,
OTA,
OTI,
OWH,
PAK,
PAL,
PAO,
PEN,
PIE,
PNI,
PPI,
PRM,
PRT,
RDF,
RFC,
RFN,
ROS,
ROT,
ROX,
RPO,
RTO,
RTR,
SBK,
SDN,
SFD,
SPN,
STK,
STU,
SVL,
SWN,
TAK,
TGA,
THI,
TIM,
TKA,
TKB,
TKH,
TKR,
TKU,
TMH,
TMI,
TMK,
TMN,
TMU,
TNG,
TRK,
TUI,
TWC,
TWH,
TWI,
TWT,
TWZ,
UHT,
UTK,
WAI,
WDV,
WEL,
WGN,
WHI,
WHU,
WIL,
WIR,
WKM,
WKO,
WMG,
WPA,
WPR,
WPT,
WPW,
WRA,
WRD,
WRK,
WTK,
WTU,
WVY,
WWD,
