ARA2201 ARA0,ARA2201 ARA0
ARA2201 ARA0.1,ARA2201 ARA0
ARA2201 ARA0.2,ARA2201 ARA0
ARG1101 BRR0,ARG1101 BRR0
ARI1101 ARI0,ARI1101 ARI0
ARI1101 ARI0.1,ARI1101 ARI0
ARI1101 ARI0.2,ARI1101 ARI0
ARI1101 ARI0.3,ARI1101 ARI0
ARI1102 ARI0,ARI1102 ARI0
ASB0661 HBK0,ASB0661 HBK0
ATI2201 ATI0,ATI2201 ATI0
AVI2201 AVI0,AVI2201 AVI0
AVI2201 AVI0.1,AVI2201 AVI0
AVI2201 AVI0.2,AVI2201 AVI0
AVI2201 AVI0.3,AVI2201 AVI0
BEN0162 BEN0,BEN2202 BEN0
BEN0163 BEN0,BEN2202 BEN0
BEN2202 BEN0,BEN2202 BEN0
BEN2202 BEN0.1,BEN2202 BEN0
BEN2202 BEN0.2,BEN2202 BEN0
BEN2202 BEN0.3,BEN2202 BEN0
BWK1101 WPI0,BWK1101 WPI0
COB0661 COB0,COB0661 COB0
COL0661 COL0,COL0661 COL0
COL0661 COL0.1,COL0661 COL0
CYD2201 CYD0,CYD2201 CYD0
CYD2201 CYD0.1,CYD2201 CYD0
CYD2201 CYD0.2,CYD2201 CYD0
CYD2201 CYD0.3,CYD2201 CYD0
GLN0332 GLN0,GLN0332 GLN0
HLY2201 HLY1,HLY2201 HLY1
HLY2201 HLY2,HLY2201 HLY2
HLY2201 HLY5,HLY2201 HLY5
HLY2201 HLY6,HLY2201 HLY6
HWA1101 PTA1,HWA1101 PTA1
HWA1102 WAA0,HWA1102 WAA0
HWA1102 WAA0.1,HWA1102 WAA0
HWB0331 WPI0,HWB0331 WPI0
KAW0112 ONU0,KAW0112 ONU0
KAW1101 KAG0,KAW1101 KAG0
KIN0112 KIN0,KIN0112 KIN0
KPA1101 KPI1,KPA1101 KPI1
KPO1101 KPO0,KPO1101 KPO0
KPO1101 KPO0.1,KPO1101 KPO0
KPO1101 KPO0.2,KPO1101 KPO0
KUM0661 KUM0,KUM0661 KUM0
MAN2201 MAN0,MAN2201 MAN0
MAN2201 MAN0.1,MAN2201 MAN0
MAN2201 MAN0.2,MAN2201 MAN0
MAN2201 MAN0.3,MAN2201 MAN0
MAN2201 MAN0.4,MAN2201 MAN0
MAN2201 MAN0.5,MAN2201 MAN0
MAN2201 MAN0.6,MAN2201 MAN0
MAT1101 ANI0,MAT1101 ANI0
MAT1101 ANI0.1,MAT1101 ANI0
MAT1101 MAT0,MAT1101 MAT0
MAT1102 MAT0,MAT1102 MAT0
MHO0331 MHO0,MHO0331 MHO0
MKE1101 MKE1,MKE1101 MKE1
MTI2201 MTI0,MTI2201 MTI0
MTI2201 MTI0.1,MTI2201 MTI0
MTI2201 MTI0.2,MTI2201 MTI0
MTI2201 MTI0.3,MTI2201 MTI0
MTI2201 MTI0.4,MTI2201 MTI0
MTI2201 MTI0.5,MTI2201 MTI0
MTI2201 MTI0.6,MTI2201 MTI0
MTI2201 MTI0.7,MTI2201 MTI0
MTI2201 MTI0.8,MTI2201 MTI0
MTI2201 MTI0.9,MTI2201 MTI0
NAP2201 NAP0,NAP2201 NAP0
NAP2202 NTM0,NAP2202 NTM0
NAP2202 NTM0.1,NAP2202 NTM0
NSY0331 PAE0,NSY0331 PAE0
OHA2201 OHA0,OHA2201 OHA0
OHA2201 OHA0.1,OHA2201 OHA0
OHA2201 OHA0.2,OHA2201 OHA0
OHA2201 OHA0.3,OHA2201 OHA0
OHB2201 OHB0,OHB2201 OHB0
OHB2201 OHB0.1,OHB2201 OHB0
OHB2201 OHB0.2,OHB2201 OHB0
OHB2201 OHB0.3,OHB2201 OHB0
OHC2201 OHC0,OHC2201 OHC0
OHC2201 OHC0.1,OHC2201 OHC0
OHC2201 OHC0.2,OHC2201 OHC0
OHC2201 OHC0.3,OHC2201 OHC0
OHK2201 OHK0,OHK2201 OHK0
OHK2201 OHK0.1,OHK2201 OHK0
OHK2201 OHK0.2,OHK2201 OHK0
OHK2201 OHK0.3,OHK2201 OHK0
OKI2201 OKI0,OKI2201 OKI0
OKI2201 OKI0.1,OKI2201 OKI0
OKI2201 OKI0.2,OKI2201 OKI0
OTA2202 OTC0,OTA2202 OTC0
PPI2201 PPI0,PPI2201 PPI0
ROT1101 WHE0,ROT1101 WHE0
ROX1101 ROX0,ROX1101 ROX0
ROX1101 ROX0.1,ROX1101 ROX0
ROX1101 ROX0.2,ROX1101 ROX0
ROX2201 ROX0,ROX2201 ROX0
ROX2201 ROX0.1,ROX2201 ROX0
ROX2201 ROX0.2,ROX2201 ROX0
ROX2201 ROX0.3,ROX2201 ROX0
ROX2201 ROX0.4,ROX2201 ROX0
RPO2201 RPO0,RPO2201 RPO0
RPO2201 RPO0.1,RPO2201 RPO0
SFD2201 SFD21,SFD2201 SFD21
SFD2201 SFD22,SFD2201 SFD22
SFD2201 SPL0,SFD2201 SPL0
SWN2201 SWN0,SWN2201 SWN0
SWN2201 SWN5,SWN2201 SWN5
TGA0331 KMI0,TGA0331 KMI0
THI2201 THI1,THI2201 THI1
THI2201 THI2,THI2201 THI2
TKA0111 TKA0,TKA0111 TKA1
TKA0111 TKA1,TKA0111 TKA1
TKB2201 TKB0,TKB2201 TKB1
TKB2201 TKB1,TKB2201 TKB1
TKB2201 TKB1.1,TKB2201 TKB1
TKU2201 TKU0,TKU2201 TKU0
TKU2201 TKU0.1,TKU2201 TKU0
TKU2201 TKU0.2,TKU2201 TKU0
TKU2201 TKU0.3,TKU2201 TKU0
TUI1101 KTW0,TUI1101 KTW0
TUI1101 KTW0.1,TUI1101 KTW0
TUI1101 PRI0,TUI1101 PRI0
TUI1101 PRI0.1,TUI1101 PRI0
TUI1101 TUI0,TUI1101 TUI0
TUI1101 TUI0.1,TUI1101 TUI0
TUI1101 TUI0.2,TUI1101 TUI0
TWH0331 TRC1,TWH0331 TRC1
WHI2201 WHI0,WHI2201 WHI0
WHI2201 WHI0.1,WHI2201 WHI0
WHI2201 WHI0.2,WHI2201 WHI0
WKM2201 MOK0,WKM2201 MOK0
WKM2201 MOK0.1,WKM2201 MOK0
WKM2201 WKM0,WKM2201 WKM0
WKM2201 WKM0.1,WKM2201 WKM0
WKM2201 WKM0.2,WKM2201 WKM0
WKM2201 WKM0.3,WKM2201 WKM0
WPA2201 WPA0,WPA2201 WPA0
WRK0331 RKA0,WRK0331 RKA0
WRK0331 TAA0,WRK0331 TAA0
WRK2201 WRK0,WRK2201 WRK0
WRK2201 WRK0.1,WRK2201 WRK0
WRK2201 WRK0.2,WRK2201 WRK0
WRK2201 WRK0.3,WRK2201 WRK0
WRK2201 WRK0.4,WRK2201 WRK0
WRK2201 WRK0.5,WRK2201 WRK0
WTK0111 WTK0,WTK0111 WTK0
