ABY_T2.T2,ABY_T2.T2
ABY0111,ABY
ABY1101,ABY
ADD_ISL1.1,ADD_ISL1.1
ADD_ISL1.2,ADD_ISL1.2
ADD_ISL1.3,ADD_ISL1.3
"ADD_ISL2.1, ADD_ISL3.1","ADD_ISL2.1, ADD_ISL3.1"
ADD_ISL4.1,ADD_ISL4.1
ADD_ISL4.2,ADD_ISL4.2
ADD_ISL4.3,ADD_ISL4.3
"ADD_T2.T2, ADD_T3.T3, ADD_T6.T6, ADD_T7.T7","ADD_T2.T2, ADD_T3.T3, ADD_T6.T6, ADD_T7.T7"
ADD0111,ADD
ADD0661,ADD
"ALB_HEN1.1, ALB_HEN2.1","ALB_HEN1.1, ALB_HEN2.1"
ALB_HEN3.1,ALB_HEN3.1
ALB_HPI1.1,ALB_HPI1.1
ALB_SVL1.1,ALB_SVL1.1
ALB_SVL2.1,ALB_SVL2.1
"ALB_T3.T3, ALB_T6.T6, ALB_T8.T8","ALB_T3.T3, ALB_T6.T6, ALB_T8.T8"
ALB_T4.T4,ALB_T4.T4
ALB_WRD1.1,ALB_WRD1.1
ALB_WRD2.1,ALB_WRD2.1
ALB_WRD3.1,ALB_WRD3.1
ALB0331,ALB
ALB1101,ALB
ALB2201,ALB
ANI_MAT.1,ANI_MAT.1
ANI_T1.T1,ANI_T1.T1
ANI_T2.T2,ANI_T2.T2
APS_T1.T1,APS_T1.T1
APS0111,APS
APS0661,APS
ARA_T1.T1,ARA_T1.T1
ARA_T2.T2,ARA_T2.T2
ARA_T3.T3,ARA_T3.T3
ARA_WRK.1,ARA_WRK.1
ARA2201,ARA
ARA2201 ARA0,ARA
ARG_T1.T1,ARG_T1.T1
ARG1101,ARG
ARG1101 BRR0,ARG
ARI_BOB1.1,ARI_BOB1.1
"ARI_HAM1.1, ARI_HAM2.1","ARI_HAM1.1, ARI_HAM2.1"
ARI_HTI.1,ARI_HTI.1
"ARI_KIN1.1, ARI_KIN2.1","ARI_KIN1.1, ARI_KIN2.1"
ARI_ONG.1,ARI_ONG.1
ARI_ONG.2,ARI_ONG.2
ARI_ONG.3,ARI_ONG.3
ARI_T1.T1,ARI_T1.T1
ARI_T5.T5,ARI_T5.T5
ARI_T6.T6,ARI_T6.T6
ARI_T7.T7,ARI_T7.T7
ARI_T8.T8,ARI_T8.T8
ARI1101,ARI
ARI1101 ARI0,ARI
ARI1102,ARI
ARI1102 ARI0,ARI
ASB_BRY.1,ASB_BRY.1
ASB_HBK1.1,ASB_HBK1.1
ASB_ISL1.1,ASB_ISL1.1
"ASB_T1.T1, ASB_T3.T3","ASB_T1.T1, ASB_T3.T3"
"ASB_T10.T10, ASB_T8.T8","ASB_T10.T10, ASB_T8.T8"
ASB_TIM_TWZ1.1,ASB_TIM_TWZ1.1
ASB_TIM_TWZ1.2,ASB_TIM_TWZ1.2
ASB_TIM_TWZ1.3,ASB_TIM_TWZ1.3
ASB_TIM_TWZ2.1,ASB_TIM_TWZ2.1
ASB_TIM_TWZ2.2,ASB_TIM_TWZ2.2
ASB_TIM_TWZ2.3,ASB_TIM_TWZ2.3
ASB0331,ASB
ASB0661,ASB
ASB0661 HBK0,ASB
ASB2201,ASB
ASY_SBK.1,ASY_SBK.1
"ASY_T3.T3, ASY_T5.T5","ASY_T3.T3, ASY_T5.T5"
ASY_WPR.1,ASY_WPR.1
ASY0111,ASY
ASY0661,ASY
ATI_OHK.1,ATI_OHK.1
"ATI_T1.T1, ATI_T2.T2, ATI_T3.T3, ATI_T4.T4","ATI_T1.T1, ATI_T2.T2, ATI_T3.T3, ATI_T4.T4"
"ATI_TRK1.1, ATI_TRK2.1","ATI_TRK1.1, ATI_TRK2.1"
ATI_WKM.1,ATI_WKM.1
ATI2201 ATI0,ATI
ATU_DOB1.1,ATU_DOB1.1
ATU_RFN_IGH1.1,ATU_RFN_IGH1.1
ATU_RFN_IGH1.2,ATU_RFN_IGH1.2
ATU1101,ATU
"AVI_BEN1.1, AVI_BEN2.1","AVI_BEN1.1, AVI_BEN2.1"
AVI_T1.T1,AVI_T1.T1
AVI_T2.T2,AVI_T2.T2
AVI_T3.T3,AVI_T3.T3
AVI_T4.T4,AVI_T4.T4
AVI_WTK.1,AVI_WTK.1
AVI2201,AVI
AVI2201 AVI0,AVI
BAL_HWB.1,BAL_HWB.1
BAL_HWB.2,BAL_HWB.2
"BAL_T1.T1, BAL_T2.T2","BAL_T1.T1, BAL_T2.T2"
BAL0331,BAL
BAL1101,BAL
BDE_EDN.1,BDE_EDN.1
BDE_GOR.1,BDE_GOR.1
"BDE_T1.T1, BDE_T2.T2","BDE_T1.T1, BDE_T2.T2"
BDE0111,BDE
BDE1101,BDE
BEN_HAY1.1,BEN_HAY1.1
BEN_HAY2.1,BEN_HAY2.1
BEN_OHB.1,BEN_OHB.1
BEN_OHC.1,BEN_OHC.1
BEN_T28.T28,BEN_T28.T28
BEN_T30.T30,BEN_T30.T30
BEN_T44.T44,BEN_T44.T44
BEN_T46.T46,BEN_T46.T46
BEN_TWZ.1,BEN_TWZ.1
BEN0162 BEN0,BEN
BEN0163 BEN0,BEN
BEN2202,BEN
BEN2202 BEN0,BEN
BEN3502,BEN
BEN3503,BEN
BHL2201,BHL
BHL2202,BHL
BLN_KIK.1,BLN_KIK.1
BLN_KIK.2,BLN_KIK.2
"BLN_STK1.1, BLN_STK2.1","BLN_STK1.1, BLN_STK2.1"
"BLN_T1.T1, BLN_T2.T2, BLN_T3.T3","BLN_T1.T1, BLN_T2.T2, BLN_T3.T3"
BLN0331,BLN
BLN1101,BLN
"BOB_HAM1.1, BOB_HAM2.1","BOB_HAM1.1, BOB_HAM2.1"
BOB_MER.33,BOB_MER.33
BOB_OTA1.1,BOB_OTA1.1
BOB_OTA1.2,BOB_OTA1.2
BOB_OTA2.1,BOB_OTA2.1
BOB_OTA2.2,BOB_OTA2.2
"BOB_T2.T2, BOB_T3.T3","BOB_T2.T2, BOB_T3.T3"
BOB0331,BOB
BOB1101,BOB
BPC1101,BPC
BPD1101,BPD
"BPE_BRK1.1, BPE_BRK2.1","BPE_BRK1.1, BPE_BRK2.1"
"BPE_HAY1.1, BPE_HAY2.1","BPE_HAY1.1, BPE_HAY2.1"
BPE_MHO1.1,BPE_MHO1.1
BPE_MHO2.1,BPE_MHO2.1
BPE_MTR1.1,BPE_MTR1.1
BPE_T1.T1,BPE_T1.T1
"BPE_T10.T10, BPE_T9.T9","BPE_T10.T10, BPE_T9.T9"
"BPE_T15.T15, BPE_T16.T16","BPE_T15.T15, BPE_T16.T16"
BPE_T2.T2,BPE_T2.T2
BPE_T3.T3,BPE_T3.T3
"BPE_TKU1.1, BPE_TKU2.1","BPE_TKU1.1, BPE_TKU2.1"
BPE_TNG1.1,BPE_TNG1.1
BPE_TWC_LTN1.1,BPE_TWC_LTN1.1
BPE_TWC_LTN1.2,BPE_TWC_LTN1.2
BPE_TWC_LTN1.3,BPE_TWC_LTN1.3
"BPE_WDV1.1, BPE_WDV2.1","BPE_WDV1.1, BPE_WDV2.1"
BPE_WGN1.1,BPE_WGN1.1
BPE_WGN1.2,BPE_WGN1.2
BPE_WGN2.1,BPE_WGN2.1
BPE_WGN2.2,BPE_WGN2.2
BPE_WIL1.1,BPE_WIL1.1
BPE_WIL1.2,BPE_WIL1.2
BPE0331,BPE
BPE0331 TWF0,BPE
BPE0551,BPE
BPE1101,BPE
BPE2201,BPE
BPT1101,BPT
BRB_HPI1.1,BRB_HPI1.1
BRB_MDN.1,BRB_MDN.1
"BRB_T2.T2, BRB_T3.T3","BRB_T2.T2, BRB_T3.T3"
BRB0331,BRB
BRB2201,BRB
"BRK_SFD1.1, BRK_SFD2.1, BRK_SFD3.1","BRK_SFD1.1, BRK_SFD2.1, BRK_SFD3.1"
BRK_T1.T1,BRK_T1.T1
BRK0331,BRK
BRK2202,BRK
BRY_ISL.1,BRY_ISL.1
"BRY_T2.T2, BRY_T3.T3","BRY_T2.T2, BRY_T3.T3"
BRY_T5.T5,BRY_T5.T5
BRY_T6.T6,BRY_T6.T6
BRY_T7.T7,BRY_T7.T7
BRY0111,BRY
BRY0661,BRY
BRY2201,BRY
BWK_WPI.1,BWK_WPI.1
BWK1101,BWK
BWK1101 WPI0,BWK
CBG_T3.T3,CBG_T3.T3
CBG_T4.T4,CBG_T4.T4
CBG0111,CBG
CBG1101,CBG
CBG1102,CBG
CLH_T1.T1,CLH_T1.T1
CLH0111,CLH
CLH0661,CLH
CML_FKN1.1,CML_FKN1.1
CML_FKN2.1,CML_FKN2.1
CML_T5A.T5A,CML_T5A.T5A
CML_T5B.T5B,CML_T5B.T5B
CML_T8.T8,CML_T8.T8
CML0331,CML
CML1101,CML
CML1102,CML
CML2201,CML
CML2202,CML
COB_STK2.1,COB_STK2.1
COB_STK2.2,COB_STK2.2
"COB_T1.T1, COB_T2.T2","COB_T1.T1, COB_T2.T2"
COB_UTK1.1,COB_UTK1.1
COB0661,COB
COB0661 COB0,COB
"COL_HOR2.1, COL_HOR3.1","COL_HOR2.1, COL_HOR3.1"
COL_OTI1.1,COL_OTI1.1
COL_OTI1.2,COL_OTI1.2
COL_OTI1.3,COL_OTI1.3
COL_OTI2.1,COL_OTI2.1
COL_T1.T1,COL_T1.T1
COL_T2.T2,COL_T2.T2
COL_T6.T6,COL_T6.T6
COL0111,COL
COL0661,COL
COL0661 COL0,COL
"CPK_T11.T11, CPK_T12.T12","CPK_T11.T11, CPK_T12.T12"
CPK_T3.T3,CPK_T3.T3
CPK_T4.T4,CPK_T4.T4
CPK_T5.T5,CPK_T5.T5
CPK_WIL1.1,CPK_WIL1.1
CPK_WWD_WIL2.1,CPK_WWD_WIL2.1
CPK_WWD_WIL2.2,CPK_WWD_WIL2.2
CPK_WWD_WIL2.3,CPK_WWD_WIL2.3
CPK_WWD_WIL3.1,CPK_WWD_WIL3.1
CPK_WWD_WIL3.2,CPK_WWD_WIL3.2
CPK_WWD_WIL3.3,CPK_WWD_WIL3.3
CPK0111,CPK
CPK0331,CPK
CPK1101,CPK
CPK1102,CPK
CPK1103,CPK
"CST_HUI1.1, CST_HUI2.1","CST_HUI1.1, CST_HUI2.1"
CST_MNI1.1,CST_MNI1.1
"CST_NPL1.1, CST_NPL2.1","CST_NPL1.1, CST_NPL2.1"
CST_SFD1.1,CST_SFD1.1
"CST_T2.T2, CST_T4.T4","CST_T2.T2, CST_T4.T4"
CST0331,CST
CST1101,CST
CUL_T1.T1,CUL_T1.T1
CUL_T22.T22,CUL_T22.T22
CUL_T23.T23,CUL_T23.T23
CUL0331,CUL
CUL0661,CUL
CUL2202,CUL
CUL2203,CUL
"CYD_ROX1.1, CYD_ROX2.1","CYD_ROX1.1, CYD_ROX2.1"
CYD_T1.T1,CYD_T1.T1
CYD_T2.T2,CYD_T2.T2
CYD_T3.T3,CYD_T3.T3
CYD_T4.T4,CYD_T4.T4
"CYD_T7.T7, CYD_T8.T8","CYD_T7.T7, CYD_T8.T8"
CYD_TWZ1.1,CYD_TWZ1.1
CYD_TWZ1.2,CYD_TWZ1.2
CYD_TWZ2.1,CYD_TWZ2.1
CYD_TWZ2.2,CYD_TWZ2.2
CYD0331,CYD
CYD2201,CYD
CYD2201 CYD0,CYD
DOB_GYM.1,DOB_GYM.1
DOB_RFN_IGH2.1,DOB_RFN_IGH2.1
DOB_RFN_IGH2.2,DOB_RFN_IGH2.2
DOB_RFN_IGH2.3,DOB_RFN_IGH2.3
"DOB_T1.T1, DOB_T2.T2","DOB_T1.T1, DOB_T2.T2"
DOB_T11.T11,DOB_T11.T11
DOB_T12.T12,DOB_T12.T12
DOB0331,DOB
DOB0661,DOB
DOB1101,DOB
DOB1102,DOB
"DRY_GLN1.1, DRY_GLN2.1","DRY_GLN1.1, DRY_GLN2.1"
DRY_HLY1.1,DRY_HLY1.1
DRY_OTA1.1,DRY_OTA1.1
DRY_OTA1.2,DRY_OTA1.2
DRY2201,DRY
DVK_T1.T1,DVK_T1.T1
DVK_T2.T2,DVK_T2.T2
DVK_WDV1.1,DVK_WDV1.1
DVK_WDV2.1,DVK_WDV2.1
DVK_WPW1.2,DVK_WPW1.2
DVK_WPW2.2,DVK_WPW2.2
DVK0111,DVK
DVK1101,DVK
DVK1102,DVK
EDG_KAW3.1,EDG_KAW3.1
EDG_MAT2.1,EDG_MAT2.1
EDG_OWH.1,EDG_OWH.1
EDG_T4.T4,EDG_T4.T4
EDG_T5.T5,EDG_T5.T5
EDG_T7.T7,EDG_T7.T7
EDG_T8.T8,EDG_T8.T8
"EDG_TRK1.1, EDG_TRK2.1","EDG_TRK1.1, EDG_TRK2.1"
EDG_WAI2.1,EDG_WAI2.1
EDG0331,EDG
EDG1102,EDG
EDG2201,EDG
EDN_INV.1,EDN_INV.1
"EDN_T1.T1, EDN_T2.T2","EDN_T1.T1, EDN_T2.T2"
EDN0331,EDN
EDN1101,EDN
"FHL_RDF1.1, FHL_RDF2.1","FHL_RDF1.1, FHL_RDF2.1"
"FHL_T1.T1, FHL_T2.T2","FHL_T1.T1, FHL_T2.T2"
FHL_TUI1.1,FHL_TUI1.1
FHL0331,FHL
FHL1101,FHL
"FKN_T2A.T2A, FKN_T2B.T2B","FKN_T2A.T2A, FKN_T2B.T2B"
FKN_T4.T4,FKN_T4.T4
FKN0331,FKN
FKN1101,FKN
FKN1102,FKN
GFD_HAY1.1,GFD_HAY1.1
GFD_HAY2.1,GFD_HAY2.1
GFD_T5.T5,GFD_T5.T5
GFD_T6.T6,GFD_T6.T6
GFD0331,GFD
GFD1101,GFD
GFD1102,GFD
GIS_T2.T2,GIS_T2.T2
GIS_T4.T4,GIS_T4.T4
"GIS_TUI1.1, GIS_TUI2.1","GIS_TUI1.1, GIS_TUI2.1"
GIS0501,GIS
GIS1101,GIS
"GLN_T4.T4, GLN_T5.T5","GLN_T4.T4, GLN_T5.T5"
GLN_T6.T6,GLN_T6.T6
GLN_TG.TG,GLN_TG.TG
GLN0331,GLN
GLN0332,GLN
GLN0332 GLN0,GLN
GLN2201,GLN
GNY1101,GNY
"GOR_T2.T2, GOR_T3.T3","GOR_T2.T2, GOR_T3.T3"
GOR0331,GOR
GOR1102,GOR
GOR2201,GOR
GYM_KUM.1,GYM_KUM.1
"GYM_T1.T1, GYM_T2.T2","GYM_T1.T1, GYM_T2.T2"
GYM0661,GYM
GYT_T2.T2,GYT_T2.T2
GYT_T3.T3,GYT_T3.T3
GYT0331,GYT
GYT1101,GYT
GYT1102,GYT
HAM_KPO1.1,HAM_KPO1.1
HAM_KPO1.2,HAM_KPO1.2
HAM_KPO2.1,HAM_KPO2.1
HAM_KPO2.2,HAM_KPO2.2
HAM_OHW1.1,HAM_OHW1.1
HAM_PAO_WHU1.1,HAM_PAO_WHU1.1
HAM_PAO_WHU1.2,HAM_PAO_WHU1.2
HAM_PAO_WHU1.3,HAM_PAO_WHU1.3
HAM_PAO_WHU2.1,HAM_PAO_WHU2.1
HAM_PAO_WHU2.2,HAM_PAO_WHU2.2
"HAM_T1.T1, HAM_T2.T2","HAM_T1.T1, HAM_T2.T2"
"HAM_T4.T4, HAM_T5.T5","HAM_T4.T4, HAM_T5.T5"
"HAM_T6.T6, HAM_T9.T9","HAM_T6.T6, HAM_T9.T9"
HAM_T8.T8,HAM_T8.T8
HAM_WKM.1,HAM_WKM.1
HAM0111,HAM
HAM0331,HAM
HAM0551,HAM
HAM1101,HAM
HAM2201,HAM
HAY_BEN1.1,HAY_BEN1.1
HAY_BEN2.1,HAY_BEN2.1
HAY_LTN1.1,HAY_LTN1.1
HAY_MLG1.1,HAY_MLG1.1
HAY_MLG2.1,HAY_MLG2.1
HAY_R34.1,HAY_R34.1
HAY_T1.T1,HAY_T1.T1
HAY_T11.T11,HAY_T11.T11
HAY_T12.T12,HAY_T12.T12
HAY_T16.T16,HAY_T16.T16
HAY_T2.T2,HAY_T2.T2
HAY_T23.T23,HAY_T23.T23
HAY_T25.T25,HAY_T25.T25
HAY_T5.T5,HAY_T5.T5
"HAY_TKR1.1, HAY_TKR2.1","HAY_TKR1.1, HAY_TKR2.1"
"HAY_UHT1.1, HAY_UHT2.1","HAY_UHT1.1, HAY_UHT2.1"
HAY_WIL1.1,HAY_WIL1.1
HAY0111,HAY
HAY0331,HAY
HAY1101,HAY
HAY2201,HAY
HAY3502,HAY
HAY3503,HAY
HBK_T5.T5,HBK_T5.T5
"HEN_HEP1.1, HEN_HEP2.1, HEN_HEP3.1, HEN_HEP4.1","HEN_HEP1.1, HEN_HEP2.1, HEN_HEP3.1, HEN_HEP4.1"
HEN_HPI1.1,HEN_HPI1.1
HEN_MPE1.1,HEN_MPE1.1
HEN_MPE1.2,HEN_MPE1.2
HEN_MPE1.3,HEN_MPE1.3
HEN_MPE2.1,HEN_MPE2.1
HEN_MPE2.2,HEN_MPE2.2
HEN_MPE2.3,HEN_MPE2.3
HEN_OTA.1,HEN_OTA.1
HEN_SWN.1,HEN_SWN.1
HEN_T1.T1,HEN_T1.T1
"HEN_T2.T2, HEN_T3.T3","HEN_T2.T2, HEN_T3.T3"
HEN_T5.T5,HEN_T5.T5
HEN0331,HEN
HEN1101,HEN
HEN2201,HEN
"HEP_ROS1.1, HEP_ROS2.1","HEP_ROS1.1, HEP_ROS2.1"
"HEP_T1.T1, HEP_T2.T2, HEP_T3.T3","HEP_T1.T1, HEP_T2.T2, HEP_T3.T3"
HEP0331,HEP
HEP1101,HEP
HIN_KPO.1,HIN_KPO.1
"HIN_T1.T1, HIN_T2.T2","HIN_T1.T1, HIN_T2.T2"
HIN0331,HIN
HIN1101,HIN
HKK_KUM1.1,HKK_KUM1.1
HKK_OTI2.1,HKK_OTI2.1
"HKK_T1.T1, HKK_T2.T2","HKK_T1.T1, HKK_T2.T2"
HKK0661,HKK
"HLY_OHW1.1, HLY_OHW2.1","HLY_OHW1.1, HLY_OHW2.1"
HLY_OTA2.1,HLY_OTA2.1
HLY_OTA2.2,HLY_OTA2.2
HLY_SFD.1,HLY_SFD.1
HLY_T1.T1,HLY_T1.T1
HLY_T2.T2,HLY_T2.T2
"HLY_T21.T21, HLY_T22.T22","HLY_T21.T21, HLY_T22.T22"
HLY_T500.T500,HLY_T500.T500
HLY_TWH1.1,HLY_TWH1.1
HLY0331,HLY
HLY2201,HLY
HLY2201 HLY1,HLY
HLY2201 HLY2,HLY
HLY2201 HLY3,HLY
HLY2201 HLY4,HLY
HLY2201 HLY5,HLY
HLY2201 HLY6,HLY
HOB2201,HOB
HOR_KBY_ISL1.1,HOR_KBY_ISL1.1
HOR_KBY_ISL1.2,HOR_KBY_ISL1.2
HOR_KBY_ISL1.3,HOR_KBY_ISL1.3
HOR_KBY_ISL2.1,HOR_KBY_ISL2.1
HOR_KBY_ISL2.2,HOR_KBY_ISL2.2
HOR_KBY_ISL2.3,HOR_KBY_ISL2.3
"HOR_T5.T5, HOR_T8.T8","HOR_T5.T5, HOR_T8.T8"
HOR0331,HOR
HOR0661,HOR
HPI_MDN1.1,HPI_MDN1.1
HPI2202,HPI
"HTI_T1.T1, HTI_T2.T2","HTI_T1.T1, HTI_T2.T2"
HTI0331,HTI
HTI1101,HTI
HUI_MNI1.1,HUI_MNI1.1
"HUI_T5.T5, HUI_T6.T6","HUI_T5.T5, HUI_T6.T6"
HUI0331,HUI
HUI1101,HUI
HWA_PTA.1,HWA_PTA.1
HWA_SFD1.1,HWA_SFD1.1
"HWA_T1.T1, HWA_T2.T2","HWA_T1.T1, HWA_T2.T2"
HWA_T3.T3,HWA_T3.T3
"HWA_WAA1.1, HWA_WAA2.1","HWA_WAA1.1, HWA_WAA2.1"
HWA_WVY1.1,HWA_WVY1.1
HWA0331,HWA
HWA0332,HWA
HWA1101 PTA1,HWA
HWA1102,HWA
HWA1102 WAA0,HWA
HWB_PAL1.1,HWB_PAL1.1
"HWB_ROX1.1, HWB_ROX2.1","HWB_ROX1.1, HWB_ROX2.1"
HWB_SDN.1,HWB_SDN.1
HWB_T1.T1,HWB_T1.T1
HWB_T2.T2,HWB_T2.T2
HWB_T4.T4,HWB_T4.T4
HWB_T5.T5,HWB_T5.T5
HWB_TMH.1,HWB_TMH.1
"HWB_WPIA.1, HWB_WPIB.1, HWB_WPIC.1","HWB_WPIA.1, HWB_WPIB.1, HWB_WPIC.1"
HWB0331,HWB
HWB0331 MAH0,HWB
HWB0331 WPI0,HWB
HWB0332,HWB
HWB1101,HWB
HWB2201,HWB
IGH_KIK1.1,IGH_KIK1.1
IGH_KIK1.2,IGH_KIK1.2
IGH_KIK2.1,IGH_KIK2.1
IGH_WMG1.1,IGH_WMG1.1
IGH_WMG2.1,IGH_WMG2.1
IGH1101,IGH
INV_MAN.1,INV_MAN.1
INV_NMA.1,INV_NMA.1
"INV_ROX1.1, INV_ROX2.1","INV_ROX1.1, INV_ROX2.1"
INV_T1.T1,INV_T1.T1
"INV_T3.T3, INV_T5.T5","INV_T3.T3, INV_T5.T5"
"INV_TWI1.1, INV_TWI2.1","INV_TWI1.1, INV_TWI2.1"
INV0331,INV
INV1101,INV
INV2201,INV
ISL_KIK1.1,ISL_KIK1.1
ISL_KIK2.1,ISL_KIK2.1
ISL_KIK2.2,ISL_KIK2.2
ISL_KIK2.3,ISL_KIK2.3
ISL_KIK3.1,ISL_KIK3.1
ISL_KIK3.2,ISL_KIK3.2
ISL_KIK3.3,ISL_KIK3.3
ISL_LIV.1,ISL_LIV.1
"ISL_SBK1.1, ISL_SBK2.1","ISL_SBK1.1, ISL_SBK2.1"
"ISL_SPN1.1, ISL_SPN2.1","ISL_SPN1.1, ISL_SPN2.1"
"ISL_T1.T1, ISL_T2.T2","ISL_T1.T1, ISL_T2.T2"
ISL_T3.T3,ISL_T3.T3
ISL_T6.T6,ISL_T6.T6
ISL_T7.T7,ISL_T7.T7
ISL_TKB.1,ISL_TKB.1
ISL0331,ISL
ISL0661,ISL
ISL2201,ISL
KAG_GEN.1,KAG_GEN.1
"KAG_T1.T1, KAG_T2.T2","KAG_T1.T1, KAG_T2.T2"
"KAI_SBK1.1, KAI_SBK2.1","KAI_SBK1.1, KAI_SBK2.1"
"KAI_T1.T1, KAI_T2.T2","KAI_T1.T1, KAI_T2.T2"
KAI0111,KAI
KAI0661,KAI
KAW_OHK.1,KAW_OHK.1
KAW_ONU1.1,KAW_ONU1.1
"KAW_T1.T1, KAW_T2.T2","KAW_T1.T1, KAW_T2.T2"
"KAW_T11.T11, KAW_T14.T14","KAW_T11.T11, KAW_T14.T14"
"KAW_T6.T6, KAW_T7.T7, KAW_T8.T8, KAW_T9.T9","KAW_T6.T6, KAW_T7.T7, KAW_T8.T8, KAW_T9.T9"
KAW0111,KAW
KAW0112,KAW
KAW0112 ONU0,KAW
KAW0113,KAW
KAW1101,KAW
KAW1101 KAG0,KAW
KAW2201,KAW
KBT0661,KBT
KBT0662,KBT
KBY_T1.T1,KBY_T1.T1
KBY_T2.T2,KBY_T2.T2
KBY0661,KBY
KEN_MPE1.1,KEN_MPE1.1
KEN_MPE2.1,KEN_MPE2.1
KEN_T1.T1,KEN_T1.T1
KEN_T2.T2,KEN_T2.T2
KEN0331,KEN
KEN1101,KEN
KEN1102,KEN
"KIK_STK1.1, KIK_STK2.1","KIK_STK1.1, KIK_STK2.1"
KIK_STK3.1,KIK_STK3.1
KIK_T1.T1,KIK_T1.T1
KIK_T2.T2,KIK_T2.T2
KIK0111,KIK
KIK1101,KIK
KIK2201,KIK
KILN_COGEN.1,KILN_COGEN.1
"KIN_T1A.T1A, KIN_T2.T2","KIN_T1A.T1A, KIN_T2.T2"
"KIN_T3A.T3A, KIN_T3B.T3B","KIN_T3A.T3A, KIN_T3B.T3B"
KIN_T4.T4,KIN_T4.T4
KIN_T5.T5,KIN_T5.T5
KIN_TRK1.1,KIN_TRK1.1
KIN_TRK1.2,KIN_TRK1.2
KIN_TRK2.1,KIN_TRK2.1
KIN_TRK2.2,KIN_TRK2.2
KIN0111,KIN
KIN0112 KIN0,KIN
KIN0113,KIN
KIN0331,KIN
KIN1102,KIN
KMI_T1.T1,KMI_T1.T1
KMI_TGA1.1,KMI_TGA1.1
KMO_MTM_TGA2.1,KMO_MTM_TGA2.1
KMO_MTM_TGA2.2,KMO_MTM_TGA2.2
KMO_MTM_TGA2.3,KMO_MTM_TGA2.3
KMO_MTM1.1,KMO_MTM1.1
KMO_T1.T1,KMO_T1.T1
KMO_TGA1.1,KMO_TGA1.1
KMO_TMI1.1,KMO_TMI1.1
"KMO_TRK1.1, KMO_TRK2.1","KMO_TRK1.1, KMO_TRK2.1"
KMO0331,KMO
KMO1103,KMO
KMO2201,KMO
KOE_KTA1.1,KOE_KTA1.1
"KOE_MPE1.1, KOE_MPE2.1","KOE_MPE1.1, KOE_MPE2.1"
KOE_T2.T2,KOE_T2.T2
KOE_T3.T3,KOE_T3.T3
KOE1101,KOE
KPA1101,KPA
KPA1101 KPI1,KPA
KPI_T1.T1,KPI_T1.T1
KPO_T1.T1,KPO_T1.T1
KPO_T2.T2,KPO_T2.T2
KPO_T3.T3,KPO_T3.T3
KPO_TMU.1,KPO_TMU.1
KPO1101,KPO
KPO1101 KPO0,KPO
KPU_T3.T3,KPU_T3.T3
KPU_T4.T4,KPU_T4.T4
KPU_WKO1.1,KPU_WKO1.1
KPU_WKO2.1,KPU_WKO2.1
KPU0661,KPU
KPU1101,KPU
KPU1102,KPU
"KTA_T4.T4, KTA_T5.T5","KTA_T4.T4, KTA_T5.T5"
KUM_OTI.1,KUM_OTI.1
KUM_T1.T1,KUM_T1.T1
KUM0661 KUM0,KUM
KWA_T2.T2,KWA_T2.T2
KWA_T3.T3,KWA_T3.T3
KWA_WIL1.1,KWA_WIL1.1
KWA_WIL2.1,KWA_WIL2.1
KWA0111,KWA
KWA1101,KWA
KWA1102,KWA
LFD_T1.T1,LFD_T1.T1
LFD_T2.T2,LFD_T2.T2
LFD1101,LFD
LIV_NSY.1,LIV_NSY.1
LIV_WTK.1,LIV_WTK.1
LIV2201,LIV
"LST_PEN1.1, LST_PEN2.1","LST_PEN1.1, LST_PEN2.1"
LST_ROS1.2,LST_ROS1.2
LTN_T2.T2,LTN_T2.T2
LTN_T3.T3,LTN_T3.T3
LTN0331,LTN
LTN0331 TWF0,LTN
LTN2201,LTN
LTN2202,LTN
"MAN_NMA1.1, MAN_NMA2.1, MAN_NMA3.1","MAN_NMA1.1, MAN_NMA2.1, MAN_NMA3.1"
MAN_T1.T1,MAN_T1.T1
MAN_T2.T2,MAN_T2.T2
MAN_T3.T3,MAN_T3.T3
MAN_T4.T4,MAN_T4.T4
MAN_T5.T5,MAN_T5.T5
MAN_T6.T6,MAN_T6.T6
MAN_T7.T7,MAN_T7.T7
"MAN_T8.T8, MAN_T9.T9","MAN_T8.T8, MAN_T9.T9"
MAN2201,MAN
MAN2201 MAN0,MAN
MAT_T1.T1,MAT_T1.T1
MAT_T2.T2,MAT_T2.T2
MAT1101,MAT
MAT1101 ANI0,MAT
MAT1101 MAT0,MAT
MAT1102,MAT
MAT1102 MAT0,MAT
MCH_T1.T1,MCH_T1.T1
MCH0111,MCH
MCH1101,MCH
"MDN_MPE1.1, MDN_MPE2.1","MDN_MPE1.1, MDN_MPE2.1"
MDN1101,MDN
MDN2201,MDN
MER0331,MER
MGM_MST1.1,MGM_MST1.1
"MGM_T2.T2, MGM_T3.T3","MGM_T2.T2, MGM_T3.T3"
MGM_WDV1.1,MGM_WDV1.1
MGM0331,MGM
MGM1101,MGM
MHO_T1.T1,MHO_T1.T1
MHO_T3.T3,MHO_T3.T3
MHO_T4.T4,MHO_T4.T4
MHO0331,MHO
MHO0331 MHO0,MHO
MHO1101,MHO
MHO1102,MHO
MHT1102,MHT
MHT1103,MHT
MKE_T1.T1,MKE_T1.T1
MKE_T2.T2,MKE_T2.T2
MKE1101,MKE
MKE1101 MKE1,MKE
MKT1101,MKT
MLG_T1.T1,MLG_T1.T1
MLG_T2.T2,MLG_T2.T2
MLG_T3.T3,MLG_T3.T3
MLG_T4.T4,MLG_T4.T4
MLG0111,MLG
MLG0331,MLG
MLG1101,MLG
MLG1102,MLG
MLN0661,MLN
MLN0664,MLN
MLT0661,MLT
MLT0664,MLT
"MNG_OTA1.1, MNG_OTA2.1","MNG_OTA1.1, MNG_OTA2.1"
"MNG_ROS1.1, MNG_ROS2.1","MNG_ROS1.1, MNG_ROS2.1"
"MNG_T1.T1, MNG_T2.T2","MNG_T1.T1, MNG_T2.T2"
MNG0331,MNG
MNG1101,MNG
MNI_MKE_SFD1.1,MNI_MKE_SFD1.1
MNI_MKE_SFD1.2,MNI_MKE_SFD1.2
MNI_MKE_SFD1.3,MNI_MKE_SFD1.3
"MNI_T3.T3, MNI_T4.T4","MNI_T3.T3, MNI_T4.T4"
MNI0111,MNI
MNI1101,MNI
MOK_T1.T1,MOK_T1.T1
MOK_T2.T2,MOK_T2.T2
MOK_WKM.1,MOK_WKM.1
MOT_T5.T5,MOT_T5.T5
MOT_T6.T6,MOT_T6.T6
MOT0111,MOT
MOT0661,MOT
MOT0662,MOT
MPE1101,MPE
MPI_T3.T3,MPI_T3.T3
MPI_UTK.1,MPI_UTK.1
MPI0661,MPI
"MST_T2.T2, MST_T3.T3","MST_T2.T2, MST_T3.T3"
MST_UHT1.1,MST_UHT1.1
MST_UHT1.2,MST_UHT1.2
MST_UHT2.1,MST_UHT2.1
MST_UHT2.2,MST_UHT2.2
MST0331,MST
MST1101,MST
MTI_T1.T1,MTI_T1.T1
MTI_T10.T10,MTI_T10.T10
MTI_T2.T2,MTI_T2.T2
MTI_T3.T3,MTI_T3.T3
MTI_T4.T4,MTI_T4.T4
MTI_T5.T5,MTI_T5.T5
MTI_T6.T6,MTI_T6.T6
MTI_T7.T7,MTI_T7.T7
MTI_T8.T8,MTI_T8.T8
MTI_T9.T9,MTI_T9.T9
"MTI_WKM1.1, MTI_WKM2.1","MTI_WKM1.1, MTI_WKM2.1"
MTI_WPA.1,MTI_WPA.1
MTI2201,MTI
MTI2201 MTI0,MTI
"MTM_T1.T1, MTM_T3.T3","MTM_T1.T1, MTM_T3.T3"
MTM0331,MTM
MTM1101,MTM
MTN_T1.T1,MTN_T1.T1
MTN_T2.T2,MTN_T2.T2
MTN0331,MTN
MTN1101,MTN
MTN1102,MTN
MTO_T1.T1,MTO_T1.T1
MTO_T2.T2,MTO_T2.T2
MTO0331,MTO
MTO1101,MTO
MTO1102,MTO
MTR_OKN1.1,MTR_OKN1.1
MTR_T2.T2,MTR_T2.T2
MTR0331,MTR
MTR1101,MTR
MVE1101,MVE
MVE1102,MVE
NAP_NTM1.1,NAP_NTM1.1
NAP_OKI2.1,NAP_OKI2.1
NAP_T1.T1,NAP_T1.T1
NAP_WRK2.1,NAP_WRK2.1
NAP2201 NAP0,NAP
NAP2202,NAP
NAP2202 NTM0,NAP
NGA0331,NGA
"NMA_T1.T1, NMA_T2.T2","NMA_T1.T1, NMA_T2.T2"
"NMA_TWI1.1, NMA_TWI2.1","NMA_TWI1.1, NMA_TWI2.1"
NMA0331,NMA
NMA0331 WHL0,NMA
NMA2201,NMA
NPK_T1.T1,NPK_T1.T1
NPK0331,NPK
NPK1101,NPK
"NPL_SFD1.1, NPL_SFD2.1","NPL_SFD1.1, NPL_SFD2.1"
"NPL_T6.T6, NPL_T7.T7","NPL_T6.T6, NPL_T7.T7"
NPL_T8.T8,NPL_T8.T8
NPL0331,NPL
NPL1101,NPL
NPL2201,NPL
NSY_PRU1.1,NSY_PRU1.1
NSY_ROX.1,NSY_ROX.1
"NSY_T1.T1, NSY_T2.T2","NSY_T1.T1, NSY_T2.T2"
NSY0331,NSY
NSY0331 PAE0,NSY
NSY2201,NSY
NTM_T1.T1,NTM_T1.T1
NTM_T2.T2,NTM_T2.T2
OAM_BPT_WTK1.1,OAM_BPT_WTK1.1
OAM_BPT_WTK1.2,OAM_BPT_WTK1.2
OAM_BPT_WTK1.3,OAM_BPT_WTK1.3
OAM_STU_WTK2.1,OAM_STU_WTK2.1
OAM_STU_WTK2.2,OAM_STU_WTK2.2
OAM_STU_WTK2.3,OAM_STU_WTK2.3
OAM_STU_WTK2.4,OAM_STU_WTK2.4
OAM_T1.T1,OAM_T1.T1
OAM_T2.T2,OAM_T2.T2
OAM0331,OAM
OAM1101,OAM
OAM1102,OAM
OHA_T4.T4,OHA_T4.T4
OHA_T5.T5,OHA_T5.T5
OHA_T6.T6,OHA_T6.T6
OHA_T7.T7,OHA_T7.T7
"OHA_TWZ1.1, OHA_TWZ2.1","OHA_TWZ1.1, OHA_TWZ2.1"
OHA2201,OHA
OHA2201 OHA0,OHA
OHB_T10.T10,OHB_T10.T10
OHB_T11.T11,OHB_T11.T11
OHB_T8.T8,OHB_T8.T8
OHB_T9.T9,OHB_T9.T9
OHB_TWZ.1,OHB_TWZ.1
OHB2201,OHB
OHB2201 OHB0,OHB
OHC_T12.T12,OHC_T12.T12
OHC_T13.T13,OHC_T13.T13
OHC_T14.T14,OHC_T14.T14
OHC_T15.T15,OHC_T15.T15
OHC_TWZ.1,OHC_TWZ.1
OHC2201,OHC
OHC2201 OHC0,OHC
OHK_T1.T1,OHK_T1.T1
OHK_T2.T2,OHK_T2.T2
OHK_T3.T3,OHK_T3.T3
OHK_T4.T4,OHK_T4.T4
OHK_WRK.1,OHK_WRK.1
OHK2201,OHK
OHK2201 OHK0,OHK
OHW_OTA1.1,OHW_OTA1.1
OHW_OTA2.1,OHW_OTA2.1
OHW_WKM1.1,OHW_WKM1.1
OHW2201,OHW
OKE_OWH.1,OKE_OWH.1
OKE_TMI.1,OKE_TMI.1
OKE_TRK.1,OKE_TRK.1
OKE1101,OKE
OKI_T1.T1,OKI_T1.T1
OKI_T2.T2,OKI_T2.T2
OKI_T5.T5,OKI_T5.T5
OKI_WRK1.1,OKI_WRK1.1
OKI2201,OKI
OKI2201 OKI0,OKI
OKN_ONG1.1,OKN_ONG1.1
OKN_ONG1.2,OKN_ONG1.2
OKN_ONG1.3,OKN_ONG1.3
OKN_T1.T1,OKN_T1.T1
OKN0111,OKN
OKN1101,OKN
ONG_T1.T1,ONG_T1.T1
ONG0331,ONG
ONG1101,ONG
OPI2201,OPI
OPI2202,OPI
OPK_KPI_SFD2.1,OPK_KPI_SFD2.1
OPK_KPI_SFD2.2,OPK_KPI_SFD2.2
OPK_KPI_SFD2.3,OPK_KPI_SFD2.3
OPK_SFD1.1,OPK_SFD1.1
OPK_T4.T4,OPK_T4.T4
OPK_T5.T5,OPK_T5.T5
OPK0331,OPK
OPK1101,OPK
OPK1102,OPK
ORO1101,ORO
ORO1102,ORO
OTA_PAK3.1,OTA_PAK3.1
OTA_PAK4.1,OTA_PAK4.1
OTA_PEN2.1,OTA_PEN2.1
OTA_PEN5.1,OTA_PEN5.1
OTA_PEN6.1,OTA_PEN6.1
"OTA_ROS1.1, OTA_ROS2.1","OTA_ROS1.1, OTA_ROS2.1"
OTA_SWN.1,OTA_SWN.1
"OTA_T11.T11, OTA_T12.T12","OTA_T11.T11, OTA_T12.T12"
OTA_T2.T2,OTA_T2.T2
OTA_T4.T4,OTA_T4.T4
OTA_TIE3.1,OTA_TIE3.1
"OTA_TIE4.1, OTA_TIE5.1","OTA_TIE4.1, OTA_TIE5.1"
"OTA_WKM1.1, OTA_WKM2.1","OTA_WKM1.1, OTA_WKM2.1"
OTA0221,OTA
OTA1101,OTA
OTA1101 OTG0,OTA
OTA1102,OTA
OTA1105,OTA
OTA1106,OTA
OTA2201,OTA
OTA2202,OTA
OTA2202 OTC0,OTA
OTA2203,OTA
OTC_GEN.1,OTC_GEN.1
OTC_T1.T1,OTC_T1.T1
OTI_T6.T6,OTI_T6.T6
OTI0111,OTI
OTI0661,OTI
"OWH_T1.T1, OWH_T2.T2","OWH_T1.T1, OWH_T2.T2"
OWH0111,OWH
OWH1101,OWH
"PAK_T1.T1, PAK_T2.T2, PAK_T3.T3","PAK_T1.T1, PAK_T2.T2, PAK_T3.T3"
PAK_WKM1.1,PAK_WKM1.1
PAK_WKM1.2,PAK_WKM1.2
PAK_WKM2.1,PAK_WKM2.1
PAK_WKM2.2,PAK_WKM2.2
PAK0331,PAK
PAK2201,PAK
PAL_T1.T1,PAL_T1.T1
PAL0331,PAL
PAL1101,PAL
PAO1101,PAO
"PEN_T21.T21, PEN_T22.T22, PEN_T23.T23","PEN_T21.T21, PEN_T22.T22, PEN_T23.T23"
PEN_T5.T5,PEN_T5.T5
PEN0222,PEN
PEN0251,PEN
PEN0331,PEN
PEN1101,PEN
PEN2201,PEN
PIE1101,PIE
PNI_T1.T1,PNI_T1.T1
PNI_T2.T2,PNI_T2.T2
PNI0331,PNI
PNI1101,PNI
PNI1102,PNI
PPI_T1.T1,PPI_T1.T1
PPI_THI1.1,PPI_THI1.1
PPI2201,PPI
PPI2201 PPI0,PPI
PRM_PNI_TKR1.1,PRM_PNI_TKR1.1
PRM_PNI_TKR1.2,PRM_PNI_TKR1.2
PRM_PNI_TKR2.1,PRM_PNI_TKR2.1
PRM_PNI_TKR2.2,PRM_PNI_TKR2.2
PRM_T3.T3,PRM_T3.T3
PRM_T4.T4,PRM_T4.T4
PRM0331,PRM
PRM1101,PRM
PRM1102,PRM
PRM2201,PRM
PRM2202,PRM
PRU_T1.T1,PRU_T1.T1
PTA_T1.T1,PTA_T1.T1
"RDF_T1.T1, RDF_T2.T2","RDF_T1.T1, RDF_T2.T2"
"RDF_T3.T3, RDF_T4.T4","RDF_T3.T3, RDF_T4.T4"
"RDF_TUI1.1, RDF_TUI2.1","RDF_TUI1.1, RDF_TUI2.1"
RDF_WHI1.1,RDF_WHI1.1
RDF_WRK.1,RDF_WRK.1
RDF_WTU1.1,RDF_WTU1.1
RDF_WTU2.1,RDF_WTU2.1
RDF0331,RDF
RDF1101,RDF
RDF2201,RDF
RFC1101,RFC
RFN1101,RFN
RFN1102,RFN
RKA_T1.T1,RKA_T1.T1
RKA_WRK1.1,RKA_WRK1.1
"ROS_T2.T2, ROS_T3.T3, ROS_T4.T4","ROS_T2.T2, ROS_T3.T3, ROS_T4.T4"
ROS0221,ROS
ROS1101,ROS
ROT_T2.T2,ROT_T2.T2
"ROT_T3.T3, ROT_T4.T4","ROT_T3.T3, ROT_T4.T4"
ROT_T5.T5,ROT_T5.T5
ROT_TRK1.1,ROT_TRK1.1
ROT_TRK2.1,ROT_TRK2.1
ROT_WHE1.1,ROT_WHE1.1
ROT0111,ROT
ROT0331,ROT
ROT1101,ROT
ROT1101 WHE0,ROT
ROT1102,ROT
ROX_T1.T1,ROX_T1.T1
ROX_T10.T10,ROX_T10.T10
ROX_T2.T2,ROX_T2.T2
ROX_T3.T3,ROX_T3.T3
ROX_T4.T4,ROX_T4.T4
ROX_T5.T5,ROX_T5.T5
ROX_T6.T6,ROX_T6.T6
ROX_T7.T7,ROX_T7.T7
ROX_T8.T8,ROX_T8.T8
"ROX_TMH1.1, ROX_TMH2.1","ROX_TMH1.1, ROX_TMH2.1"
ROX1101,ROX
ROX1101 ROX0,ROX
ROX2201,ROX
ROX2201 ROX0,ROX
RPO_T5.T5,RPO_T5.T5
RPO_T6.T6,RPO_T6.T6
RPO_TNG1.1,RPO_TNG1.1
RPO_WRK1.1,RPO_WRK1.1
RPO2201,RPO
RPO2201 RPO0,RPO
RTO1101,RTO
RTR1101,RTR
"SBK_T1.T1, SBK_T2.T2","SBK_T1.T1, SBK_T2.T2"
SBK_WPR.1,SBK_WPR.1
SBK0331,SBK
SBK0661,SBK
"SDN_T1.T1, SDN_T2.T2","SDN_T1.T1, SDN_T2.T2"
SDN_TMH.1,SDN_TMH.1
SDN0331,SDN
SDN2201,SDN
SFD_SPL.1,SFD_SPL.1
SFD_T10.T10,SFD_T10.T10
SFD_T21.T21,SFD_T21.T21
SFD_T22.T22,SFD_T22.T22
SFD_TMN1.1,SFD_TMN1.1
SFD0331,SFD
SFD1101,SFD
SFD2201,SFD
SFD2201 SFD21,SFD
SFD2201 SFD22,SFD
SFD2201 SPL0,SFD
SPL_T10.T10,SPL_T10.T10
"SPN_T1.T1, SPN_T2.T2","SPN_T1.T1, SPN_T2.T2"
SPN0331,SPN
SPN0661,SPN
STK_T3.T3,STK_T3.T3
STK_T7.T7,STK_T7.T7
STK_UTK1.1,STK_UTK1.1
STK_UTK1.2,STK_UTK1.2
STK0331,STK
STK0661,STK
STK1101,STK
STK2201,STK
STU0111,STU
STU1101,STU
SVL_T1.T1,SVL_T1.T1
SVL_T2.T2,SVL_T2.T2
SVL0331,SVL
SVL2201,SVL
SVL2202,SVL
SWN_T1A.T1A,SWN_T1A.T1A
SWN_T1B.T1B,SWN_T1B.T1B
SWN_T2.T2,SWN_T2.T2
SWN0251,SWN
SWN2201,SWN
SWN2201 SWN0,SWN
SWN2201 SWN5,SWN
TAA_T1.T1,TAA_T1.T1
TAA_WRK1.1,TAA_WRK1.1
TAK_T5.T5,TAK_T5.T5
TAK_T8.T8,TAK_T8.T8
TAK0331,TAK
TAK2201,TAK
TAK2202,TAK
"TGA_T1.T1, TGA_T2.T2","TGA_T1.T1, TGA_T2.T2"
"TGA_T3.T3, TGA_T4.T4","TGA_T3.T3, TGA_T4.T4"
TGA0111,TGA
TGA0331,TGA
TGA0331 KMI0,TGA
TGA1101,TGA
THI_T1.T1,THI_T1.T1
THI_T2.T2,THI_T2.T2
THI2201,THI
THI2201 THI1,THI
THI2201 THI2,THI
TIM_T5.T5,TIM_T5.T5
TIM_T8.T8,TIM_T8.T8
TIM_TKA.1,TIM_TKA.1
TIM_TKA.2,TIM_TKA.2
TIM_TMK1.1,TIM_TMK1.1
TIM_TMK2.1,TIM_TMK2.1
TIM0111,TIM
TIM1101,TIM
TIM2201,TIM
TIM2202,TIM
TKA_T1.T1,TKA_T1.T1
TKA_T6.T6,TKA_T6.T6
TKA0111 TKA0,TKA
TKA0111 TKA1,TKA
TKA0331,TKA
TKA1101,TKA
TKB_T2.T2,TKB_T2.T2
TKB_T3.T3,TKB_T3.T3
TKB_TWZ.1,TKB_TWZ.1
TKB2201,TKB
TKB2201 TKB0,TKB
TKB2201 TKB1,TKB
TKH_T1.T1,TKH_T1.T1
TKH_WAI1.1,TKH_WAI1.1
TKH0111,TKH
TKH0501,TKH
"TKR_T1.T1, TKR_T2.T2","TKR_T1.T1, TKR_T2.T2"
"TKR_WIL1.1, TKR_WIL2.1","TKR_WIL1.1, TKR_WIL2.1"
TKR0331,TKR
TKR1101,TKR
TKU_T1.T1,TKU_T1.T1
TKU_T2.T2,TKU_T2.T2
TKU_T21.T21,TKU_T21.T21
TKU_T3.T3,TKU_T3.T3
TKU_T4.T4,TKU_T4.T4
"TKU_WKM1.1, TKU_WKM2.1","TKU_WKM1.1, TKU_WKM2.1"
TKU0331,TKU
TKU2201,TKU
TKU2201 TKU0,TKU
TMH2201,TMH
"TMI_T1.T1, TMI_T2.T2","TMI_T1.T1, TMI_T2.T2"
TMI0331,TMI
TMI1101,TMI
TMK_T1.T1,TMK_T1.T1
TMK_T2.T2,TMK_T2.T2
TMK0331,TMK
TMK1101,TMK
TMK1102,TMK
"TMN_T5.T5, TMN_T8.T8","TMN_T5.T5, TMN_T8.T8"
TMN_TWH1.1,TMN_TWH1.1
TMN0551,TMN
TMN2201,TMN
"TMU_T1.T1, TMU_T2.T2","TMU_T1.T1, TMU_T2.T2"
TMU0111,TMU
TMU1101,TMU
"TNG_T11.T11, TNG_T12.T12","TNG_T11.T11, TNG_T12.T12"
"TNG_T2.T2, TNG_T3.T3","TNG_T2.T2, TNG_T3.T3"
TNG0111,TNG
TNG0551,TNG
TNG2201,TNG
TRC_T1.T1,TRC_T1.T1
TRC_T2.T2,TRC_T2.T2
TRC_TWH.1,TRC_TWH.1
TRK_T4.T4,TRK_T4.T4
TRK0111,TRK
TRK1101,TRK
TRK2201,TRK
TUI_T1.T1,TUI_T1.T1
TUI_T15.T15,TUI_T15.T15
TUI_T2.T2,TUI_T2.T2
TUI_T3.T3,TUI_T3.T3
TUI_T4.T4,TUI_T4.T4
TUI_T5.T5,TUI_T5.T5
TUI_T6.T6,TUI_T6.T6
TUI_T7.T7,TUI_T7.T7
TUI_WRA1.1,TUI_WRA1.1
TUI_WRA2.1,TUI_WRA2.1
TUI0111,TUI
TUI1101,TUI
TUI1101 KTW0,TUI
TUI1101 PRI0,TUI
TUI1101 TUI0,TUI
TWC2201,TWC
TWC2201 NZW0,TWC
TWC2201 TWF0,TWC
"TWH_T1.T1, TWH_T2.T2","TWH_T1.T1, TWH_T2.T2"
TWH0331,TWH
TWH0331 TRC1,TWH
TWH0331 TUK0,TWH
TWH2201,TWH
TWI2201,TWI
TWT2201,TWT
"TWZ_T18.T18, TWZ_T19.T19","TWZ_T18.T18, TWZ_T19.T19"
TWZ0331,TWZ
TWZ2202,TWZ
"UHT_T1.T1, UHT_T2.T2","UHT_T1.T1, UHT_T2.T2"
UHT0331,UHT
UHT1101,UHT
UTK0661,UTK
"WAA_T2.T2, WAA_T4.T4","WAA_T2.T2, WAA_T4.T4"
WAA_T3.T3,WAA_T3.T3
"WAI_T1.T1, WAI_T2.T2","WAI_T1.T1, WAI_T2.T2"
WAI_T5.T5,WAI_T5.T5
WAI0111,WAI
WAI0501,WAI
WAI1101,WAI
"WDV_T1.T1, WDV_T2.T2","WDV_T1.T1, WDV_T2.T2"
WDV0111,WDV
WDV1101,WDV
WDV1101 TAP0,WDV
WEL_T1.T1,WEL_T1.T1
WEL_T2.T2,WEL_T2.T2
WEL0331,WEL
WEL1101,WEL
WEL1102,WEL
"WGN_T1.T1, WGN_T2.T2","WGN_T1.T1, WGN_T2.T2"
WGN_WVY1.1,WGN_WVY1.1
WGN0331,WGN
WGN1101,WGN
WHE_T1.T1,WHE_T1.T1
"WHI_T1.T1, WHI_T2.T2, WHI_T3.T3","WHI_T1.T1, WHI_T2.T2, WHI_T3.T3"
WHI_WRK1.1,WHI_WRK1.1
WHI0111,WHI
WHI2201,WHI
WHI2201 WHI0,WHI
"WHU_T1.T1, WHU_T2.T2, WHU_T3.T3","WHU_T1.T1, WHU_T2.T2, WHU_T3.T3"
"WHU_WKO1.1, WHU_WKO2.1","WHU_WKO1.1, WHU_WKO2.1"
WHU0331,WHU
WHU1101,WHU
"WIL_T3.T3, WIL_T5.T5","WIL_T3.T3, WIL_T5.T5"
WIL_T8.T8,WIL_T8.T8
WIL0331,WIL
WIL1101,WIL
WIL2201,WIL
WIR_T1.T1,WIR_T1.T1
WIR_T2.T2,WIR_T2.T2
WIR0331,WIR
WIR1101,WIR
WIR1102,WIR
WKM_T1.T1,WKM_T1.T1
WKM_T2.T2,WKM_T2.T2
WKM_T3.T3,WKM_T3.T3
WKM_T4.T4,WKM_T4.T4
WKM_T8.T8,WKM_T8.T8
WKM_T9.T9,WKM_T9.T9
"WKM_TIE1.1, WKM_TIE2.1","WKM_TIE1.1, WKM_TIE2.1"
WKM2201,WKM
WKM2201 MOK0,WKM
WKM2201 WKM0,WKM
WKM2202,WKM
"WKO_T1.T1, WKO_T2.T2","WKO_T1.T1, WKO_T2.T2"
WKO0331,WKO
WKO1101,WKO
WMG_WPT1.1,WMG_WPT1.1
WMG_WPT1.2,WMG_WPT1.2
WMG_WPT1.3,WMG_WPT1.3
WMG_WPT2.1,WMG_WPT2.1
WMG_WPT2.2,WMG_WPT2.2
WMG_WPT2.3,WMG_WPT2.3
WMG1101,WMG
WMG1102,WMG
WPA_T1.T1,WPA_T1.T1
WPA2201,WPA
WPA2201 WPA0,WPA
WPR_T12.T12,WPR_T12.T12
WPR_T13.T13,WPR_T13.T13
WPR_T3.T3,WPR_T3.T3
WPR0331,WPR
WPR0661,WPR
WPR2202,WPR
WPR2203,WPR
WPT_T1.T1,WPT_T1.T1
WPT_T2.T2,WPT_T2.T2
WPT0111,WPT
WPT1101,WPT
WPT1102,WPT
WPW_T1.T1,WPW_T1.T1
WPW_T2.T2,WPW_T2.T2
WPW0331,WPW
WPW1101,WPW
WPW1102,WPW
WRA_T1.T1,WRA_T1.T1
WRA_T2.T2,WRA_T2.T2
WRA0111,WRA
WRA1101,WRA
WRA1102,WRA
WRD_T1.T1,WRD_T1.T1
WRD_T2.T2,WRD_T2.T2
WRD_T3.T3,WRD_T3.T3
WRD2201,WRD
WRK_T1.T1,WRK_T1.T1
WRK_T2.T2,WRK_T2.T2
WRK_T29.T29,WRK_T29.T29
WRK_T3.T3,WRK_T3.T3
WRK_T30.T30,WRK_T30.T30
WRK_T4.T4,WRK_T4.T4
WRK0331,WRK
WRK0331 RKA0,WRK
WRK0331 TAA0,WRK
WRK2201,WRK
WRK2201 WRK0,WRK
WRU2201,WRU
"WTK_T21.T21, WTK_T22.T22","WTK_T21.T21, WTK_T22.T22"
WTK_T23.T23,WTK_T23.T23
WTK_T24.T24,WTK_T24.T24
WTK_T28.T28,WTK_T28.T28
WTK0111 WTK0,WTK
WTK0331,WTK
WTK1101,WTK
WTK1102,WTK
WTK2201,WTK
WTU_T3.T3,WTU_T3.T3
WTU_T4.T4,WTU_T4.T4
WTU0331,WTU
WTU2201,WTU
WTU2202,WTU
WVY_T1.T1,WVY_T1.T1
WVY0111,WVY
WVY1101,WVY
WWD1102,WWD
WWD1102 WWD0,WWD
WWD1103,WWD
WWD1103 WWD0,WWD
ALB_WRD4.1,ALB_WRD4.1
ASB_T9.T9,ASB_T9.T9
BAL_GOR.1,BAL_GOR.1
BEN_T42.T42,BEN_T42.T42
BPE_PRM_HAY1.2,BPE_PRM_HAY1.2
BPE_PRM_HAY2.1,BPE_PRM_HAY2.1
BPE_PRM_HAY2.2,BPE_PRM_HAY2.2
DRY2202,DRY
"EDG_KAW1.1, EDG_KAW2.1","EDG_KAW1.1, EDG_KAW2.1"
GOR_ROX.1,GOR_ROX.1
HAM_PAO_WHU2.3,HAM_PAO_WHU2.3
HLY_T4.T4,HLY_T4.T4
"HOB_LST1.1, HOB_LST2.1","HOB_LST1.1, HOB_LST2.1"
HOB_LST3.1,HOB_LST3.1
HOB_LST4.1,HOB_LST4.1
HOB_PEN1.1,HOB_PEN1.1
"HOB_QST1.1, HOB_QST2.1, HOB_QST3.1","HOB_QST1.1, HOB_QST2.1, HOB_QST3.1"
HOB_T12.T12,HOB_T12.T12
HOB_T3.T3,HOB_T3.T3
HOB_T4.T4,HOB_T4.T4
HOB_T5.T5,HOB_T5.T5
HOB_WRD1.1,HOB_WRD1.1
HOB1101,HOB
HWA1101 PTA3,HWA
HWA1102 WAA1,HWA
INV2202,INV
"KAW_MAT1.1, KAW_MAT2.1","KAW_MAT1.1, KAW_MAT2.1"
KAW_ONU2.1,KAW_ONU2.1
KAW_ONU3.1,KAW_ONU3.1
KAW_ONU4.1,KAW_ONU4.1
KAW_T12.T12,KAW_T12.T12
KAW_T13.T13,KAW_T13.T13
KAW0112 DLS0,KAW
KAW0113 DLS1,KWA
KBY0662,KBY
KMO_T2.T2,KMO_T2.T2
KMO_T4.T4,KMO_T4.T4
LFD1102,LFD
LST_QST1.1,LST_QST1.1
"LST_T1.T1, LST_T2.T2, LST_T3.T3","LST_T1.T1, LST_T2.T2, LST_T3.T3"
MDN_T5.T5,MDN_T5.T5
MDN_T6.T6,MDN_T6.T6
"NMA_TMH1.1, NMA_TMH2.1","NMA_TMH1.1, NMA_TMH2.1"
OHW2202,OHW
OTA_T3.T3,OTA_T3.T3
OTA_T5.T5,OTA_T5.T5
OTA1109,OTA
OTA110A,OTA
PAK_PEN3.1,PAK_PEN3.1
PEN_R862.1,PEN_R862.1
PEN_T10.T10,PEN_T10.T10
"PEN_T11.T11, PEN_T7.T7, PEN_T9.T9","PEN_T11.T11, PEN_T7.T7, PEN_T9.T9"
PEN_T6.T6,PEN_T6.T6
PRT2201,PRT
PRT2202,PRT
QST_T3A.T3A,QST_T3A.T3A
RDF_T1.T1,RDF_T1.T1
RDF1102,RDF
"SFD_T6.T6, SFD_T8.T8","SFD_T6.T6, SFD_T8.T8"
SPN0662,SPN
"STK_T10.T10, STK_T6.T6","STK_T10.T10, STK_T6.T6"
"STU_T5.T5, STU_T6.T6","STU_T5.T5, STU_T6.T6"
STU_TIM.1,STU_TIM.1
THI_WKM1.1,THI_WKM1.1
THI_WRK1.1,THI_WRK1.1
"TIM_T2.T2, TIM_T4.T4, TIM_T6.T6","TIM_T2.T2, TIM_T4.T4, TIM_T6.T6"
TRK_T1.T1,TRK_T1.T1
TRK_T2.T2,TRK_T2.T2
TRK_T3.T3,TRK_T3.T3
TRK1102,TRK
WDV1102,WDV
WKM_WRK1.1,WKM_WRK1.1
WRD_T7.T7,WRD_T7.T7
WRD0331,WRD
